Unnamed: 0,sent1,manual_alignments,manual_alignments_1_1,sent2,chat_gpt_alignments,alignment_tool_alignments,2nd_manual_alignments
0.0,"An Ass was being driven along a road leading down the mountainside, when he suddenly took it into his silly head to choose hisown path.","(0, 0)","(0, 0)","An Ass was being driven down a mountain road, and after jogging alongfor a while sensibly enough he suddenly quitted the track and rushedto the edge of a precipice.","(0, 0)
(1, 0)
(2, 1)
(3, 2)
(4, 2)
(5, 2)",,"(0, 0)"
1.0,"He could see his stall at the foot of the mountain, andto him the quickest way down seemed to be over the edge of thenearest cliff.","(1, 0)","(1, -1)",He was just about to leap over the edgewhen his Driver caught hold of his tail and did his best to pull himback: but pull as he might he couldn't get the Ass to budge from thebrink.,,,"(1, -1)"
2.0,"Just as he was about to leap over, his mastercaught him by the tail and tried to pull him back, but thestubborn Ass would not yield and pulled with all his might.","(2, 1)","(2, 1)","At last he gave up, crying, ""All right, then, get to the bottomyour own way; but it's the way to sudden death, as you'll find outquick enough.""",,,"(2, 1)"
3.0,"""Very well,"" said his master, ""go your way, you willful beast,and see where it leads you.","(3, 2)","(3, -1)",,,,"(3, 2)"
4.0,"""With that he let go, and the foolish Ass tumbled head over heelsdown the mountain side._They who will not listen to reason but stubbornly go their ownway against the friendly advice of those who are wiser than they,are on the road to misfortune._","(4, 2)","(4, 2)",,,,"(4, -1)"
