Unnamed: 0,sent1,manual_alignments,manual_alignments_1_1,sent2,chat_gpt_alignments,alignment_tool_alignments
0.0,"An Ass and a Fox had become close comrades, and were constantly in each other's company.","(0, 0)","(0, 0)",An Ass and a Fox went into partnership and sallied out to forage for food together.,"(0, 0)
(1, 1)
(3, 2)
(4, 2)
(5, 2)
(6, 3)
(8, 3)
(9, 4)
(11, 3)
(13, 4)",
1.0,"While the Ass cropped a fresh bit of greens, the Fox would devour a chicken from the neighboring farmyard or a bit of cheese filched from the dairy.","(1, 0)","(1, -1)","They hadn't gone far before they saw a Lion coming their way, at which they were both dreadfully frightened.",,
2.0,One day the pair unexpectedly met a Lion.,"(2, 1)","(2, 1)","But the Fox thought he saw a way of saving his own skin, and went boldly up to the Lion and whispered in his ear, ""I'll manage that you shall get hold of the Ass without the trouble of stalking him, if you'll promise to let me go free.""",,
3.0,"The Ass was very much frightened, but the Fox calmed his fears.  ","(3, -1)","(3, -1)","The Lion agreed to this, and the Fox then rejoined his companion and contrived before long to lead him by a hidden pit, which some hunter had dug as a trap for wild animals, and into which he fell.",,
4.0,"""I will talk to him,"" he said.  ","(4, 2)","(4, -1)","When the Lion saw that the Ass was safely caught and couldn't get away, it was to the Fox that he first turned his attention, and he soon finished him off, and then at his leisure proceeded to feast upon the Ass.  Betray a friend, and you'll often find you have ruined yourself.",,
5.0,So the Fox walked boldly up to the Lion.,"(5, 2)","(5, -1)",,,
6.0,"""Your highness,"" he said in an undertone, so the Ass could not hear him, ""I've got a fine scheme in my head.","(6, 2)","(6, 2)",,,
7.0,"If you promise not to hurt me, I will lead that foolish creature yonder into a pit where he can't get out, and you can feast at your pleasure.""  ","(7, 2)","(7, -1)",,,
8.0,The Lion agreed and the Fox returned to the Ass.,"(8, 3)","(8, 3)",,,
9.0,"""I made him promise not to hurt us,"" said the Fox.","(9, -1)","(9, -1)",,,
10.0,"""But come, I know a good place to hide till he is gone.""  ","(10, -1)","(10, -1)",,,
11.0,So the Fox led the Ass into a deep pit.,"(11, 3)","(11, 3)",,,
12.0,"But when the Lion saw that the Ass was his for the taking, he first of all struck down the traitor Fox.  ","(12, 4)","(12, 4)",,,
13.0,_Traitors may expect treachery.,"(13, 4)","(13, -1)",,,
