Unnamed: 0,sent1,manual_alignments,manual_alignments_1_1,sent2,chat_gpt_alignments,alignment_tool_alignments
0.0,A sacred Image was being carried to the temple.,"(0, 0)","(0, -1)",A certain man put an Image on the back of his Ass to take it to one ofthe temples of the town.,"(0, 0)
(1, 1)
(2, 1)
(3, 2)
(4, 3)
(7, 4)",
1.0,"It was mounted onan Ass adorned with garlands and gorgeous trappings, and a grandprocession of priests and pages followed it through the streets.","(1, 0)","(1, 0)","As they went along the road all the peoplethey met uncovered and bowed their heads out of reverence for theImage; but the Ass thought they were doing it out of respect forhimself, and began to give himself airs accordingly.",,
2.0,"As the Ass walked along, the people bowed their heads reverentlyor fell on their knees, and the Ass thought the honor was beingpaid to himself.","(2, 1)","(2, 1)","At last he becameso conceited that he imagined he could do as he liked, and, by way ofprotest against the load he was carrying, he came to a full stop andflatly declined to proceed any further.",,
3.0,"With his head full of this foolish idea, he became so puffed upwith pride and vanity that he halted and started to bray loudly.","(3, 2)","(3, 2)","His driver, finding him soobstinate, hit him hard and long with his stick, saying the while,""Oh, you dunder-headed idiot, do you suppose it's come to this, thatmen pay worship to an Ass?""Rude shocks await those who take to themselves the credit that isdue to others.",,
4.0,"But in the midst of his song, his driver guessed what the Ass hadgot into his head, and began to beat him unmercifully with astick.","(4, 3)","(4, -1)",,,
5.0,"""Go","(5, -1)","(5, -1)",,,
6.0,"along with you, you stupid Ass,"" he cried.","(6, -1)","(6, -1)",,,
7.0,"""The honor is notmeant for you but for the image you are carrying.""_Do not try to take the credit to yourself that is due toothers._","(7, 3)","(7, 3)",,,
