Unnamed: 0,sent1,manual_alignments,manual_alignments_1_1,sent2,chat_gpt_alignments,alignment_tool_alignments
0.0,"One day as the Lion walked proudly down a forest aisle, and theanimals respectfully made way for him, an Ass brayed a scornfulremark as he passed.","(0, -1)","(0, -1)",A Lion and an Ass set up as partners and went a-hunting together.,"(0, 4)
(1, 0)
(2, 2)
(4, 4)
(5, 4)",
1.0,The Lion felt a flash of anger.,"(1, -1)","(1, -1)",Incourse of time they came to a cave in which there were a number ofwild goats.,,
2.0,"But when he turned his head andsaw who had spoken, he walked quietly on.","(2, -1)","(2, -1)","The Lion took up his stand at the mouth of the cave, andwaited for them to come out; while the Ass went inside and brayed forall he was worth in order to frighten them out into the open.",,
3.0,He would not honor thefool with even so much as a stroke of his claws._Do not resent the remarks of a fool.,"(3, -1)","(3, -1)","The Lionstruck them down one by one as they appeared; and when the cave wasempty the Ass came out and said, ""Well, I scared them pretty well,didn't I?""",,
4.0,Ignore them._,"(4, -1)","(4, -1)","""I should think you did,"" said the Lion: ""why, if I hadn'tknown you were an Ass, I should have turned and run myself.""",,
