Unnamed: 0,sent1,manual_alignments,manual_alignments_1_1,sent2,chat_gpt_alignments,alignment_tool_alignments
0.0,A Fly settled on the head of a Bald Man and bit him.,"(0, 0)","(0, 0)",There was once a Bald Man who sat down after work on a hot summer’s day.,"(0, 0)
(1, 1)
(2, 2)",
1.0,"In his eagerness to kill it, he hit himself a smart slap.","(1, -1)","(1, -1)","A Fly came up and kept buzzing about his bald pate, and stinging him from time to time.",,
2.0,"But the Fly escaped, and said to him in derision, ""You tried to kill me for just one little bite; what will you do to yourself now, for the heavy smack you have just given yourself?""","(2, 2)","(2, 2)","The Man aimed a blow at his little enemy, but—_whack_—his palm came on his head instead; again the Fly tormented him, but this time the Man was wiser and said:  “You will only injure yourself if you take notice of despicable enemies.",,
3.0,"""Oh, for that blow I bear no grudge,"" he replied, ""for I never intended myself any harm; but as for you, you contemptible insect, who live by sucking human blood, I'd have borne a good deal more than that for the satisfaction of dashing the life out of you!","(3, -1)","(3, -1)",,,
