Unnamed: 0,sent1,manual_alignments,manual_alignments_1_1,sent2,chat_gpt_alignments,alignment_tool_alignments
0.0,"A BAT, trying to fly one day, fell to the ground, and a Weasel caught him.","(0, 0)","(0, -1)","A Bat fell to the ground and was caught by a Weasel, and was just going to be killed and eaten when it begged to be let go.","(0, 0)
(1, 1)
(2, 2)
(4, 4)
(6, 7)",
1.0,The Bat begged the Weasel not to kill him.,"(1, 0)","(1, 0)",The Weasel said he couldn't do that because he was an enemy of all birds on principle.,,
2.0,"“There is nothing I hate like a bird,” said the Weasel; “I always kill them.”  ","(2, 1)","(2, 1)","""Oh, but,"" said the Bat, ""I'm not a bird at all: I'm a mouse.""",,
3.0,[Illustration],"(3, -1)","(3, -1)","""So you are,"" said the Weasel, ""now I come to look at you""; and he let it go.",,
4.0,"“But I am not a bird,” said the Bat, as he folded his wings close to his sides; “birds don’t come tumbling down as I did; and besides, don’t you see my little smooth head, and my ears?”  ","(4, 2)","(4, 2)","Some time after this the Bat was caught in just the same way by another Weasel, and, as before, begged for its life.",,
5.0,"“Yes, yes,” said the Weasel, “I did not notice them at first.","(5, 3)","(5, -1)","""No,"" said the Weasel, ""I never let a mouse go by any chance.""",,
6.0,"I see, you are a mouse”; so he let the Bat go.  ","(6, 3)","(6, 3)","""But I'm not a mouse,"" said the Bat; ""I'm a bird.""",,
7.0,"Some time after, the Bat took another flight, and again fell to the ground.","(7, 4)","(7, -1)","""Why, so you are,"" said the Weasel; and he too let the Bat go.  ",,
8.0,Another Weasel came out of his hole and caught him.,"(8, 4)","(8, 4)",Look and see which way the wind blows before you commit yourself.,,
9.0,"“Pray don’t kill me,” said the Bat.  ","(9, 4)","(9, -1)",,,
10.0,"“Certainly I shall,” said the Weasel; “I kill mice wherever I find them.”  ","(10, 5)","(10, 5)",,,
11.0,"“But stop a moment,” said the Bat, spreading his wings; “I am not a mouse.","(11, 6)","(11, 6)",,,
12.0,Don’t you see my great wings?,"(12, -1)","(12, -1)",,,
13.0,"A mouse can’t fly, can it?”  ","(13, -1)","(13, -1)",,,
14.0,"“I beg your pardon,” said the Weasel; “I did not know that you were a bird; I thought you were a mouse.","(14, 7)","(14, -1)",,,
15.0,I see I was mistaken.”,"(15, -1)","(15, -1)",,,
16.0,Then he let him go.,"(16, 7)","(16, 7)",,,
17.0,"So the cunning Bat escaped a second time, but it is not often safe to use such arguments.","(17, -1)","(17, -1)",,,
