Unnamed: 0,sent1,manual_alignments,manual_alignments_1_1,sent2,chat_gpt_alignments,alignment_tool_alignments
0.0,"The Mice once called a meeting to decide on a plan to free themselves of their enemy, the Cat.","(0, 0)","(0, 0)","Long ago, the mice had a general council to consider what measures they could take to outwit their common enemy, the Cat.","(0, 0)
(1, 1)
(2, 2)
(4, 4)
(5, 5)
(9, 6)",
1.0,"At least they wished to find some way of knowing when she was coming, so they might have time to run away.","(1, -1)","(1, -1)","Some said this, and some said that; but at last a young mouse got up and said he had a proposal to make, which he thought would meet the case.",,
2.0,"Indeed, something had to be done, for they lived in such constant fear of her claws that they hardly dared stir from their dens by night or day.  ","(2, 1)","(2, -1)","“You will all agree,” said he, “that our chief danger consists in the sly and treacherous manner in which the enemy approaches us.",,
3.0,"Many plans were discussed, but none of them was thought good enough.","(3, -1)","(3, -1)","Now, if we could receive some signal of her approach, we could easily escape from her.",,
4.0,"At last a very young Mouse got up and said:  ""I have a plan that seems very simple, but I know it will be successful.","(4, 1)","(4, 1)","I venture, therefore, to propose that a small bell be procured, and attached by a ribbon round the neck of the Cat.",,
5.0,All we have to do is to hang a bell about the Cat's neck.,"(5, 4)","(5, 4)","By this means we should always know when she was about, and could easily retire while she was in the neighbourhood.”  ",,
6.0,"When we hear the bell ringing we will know immediately that our enemy is coming.""  ","(6, 5)","(6, 5)","This proposal met with general applause, until an old mouse got up and said: “That is all very well, but who is to bell the Cat?”",,
7.0,All the Mice were much surprised that they had not thought of such a plan before.,"(7, -1)","(7, -1)",The mice looked at one another and nobody spoke.,,
8.0,"But in the midst of the rejoicing over their good fortune, an old Mouse arose and said:  ""I will say that the plan of the young Mouse is very good.","(8, 6)","(8, 6)",Then the old mouse said:  “It is easy to propose impossible remedies.”,,
9.0,"But let me ask one question: Who will bell the Cat?""  ","(9, 7)","(9, 7)",,,
10.0,"_It is one thing to say that something should be done, but quite a different matter to do it._","(10, 8)","(10, 8)",,,
