Unnamed: 0,sent1,manual_alignments,manual_alignments_1_1,sent2,chat_gpt_alignments,alignment_tool_alignments,2nd_manual_alignments
0.0,The Members of the Body once rebelled against the Belly.,"(0, 0)","(0, 0)",One fine day it occurred to the Members of the Body that they were doing all the work and the Belly was having all the food.,"(0, 0)
(1, 1)
(2, 2)
(3, 3)
(4, 4)",,"(0, 1)"
1.0,"""You,"" they said to the Belly, ""live in luxury and sloth, and never do a stroke of work; while we not only have to do all the hard work there is to be done, but are actually your slaves and have to minister to all your wants.","(1, 1)","(1, 1)","So they held a meeting, and after a long discussion, decided to strike work till the Belly consented to take its proper share of the work.",,,"(1, -1)"
2.0,"Now, we will do so no longer, and you can shift for yourself for the future.""","(2, -1)","(2, -1)","So for a day or two, the Hands refused to take the food, the Mouth refused to receive it, and the Teeth had no work to do.",,,"(2, -1)"
3.0,"They were as good as their word, and left the Belly to starve.","(3, 2)","(3, 2)","But after a day or two the Members began to find that they themselves were not in a very active condition: the Hands could hardly move, and the Mouth was all parched and dry, while the Legs were unable to support the rest.",,,"(3, 2)"
4.0,"The result was just what might have been expected: the whole Body soon began to fail, and the Members and all shared in the general collapse.","(4, 3)","(4, 3)","So thus they found that even the Belly in its dull quiet way was doing necessary work for the Body, and that all must work together or the Body will go to pieces",,,"(4, 3)"
5.0,And then they saw too late how foolish they had been,"(5, 4)","(5, 4)",,,,"(5, -1)"
