Unnamed: 0,sent1,manual_alignments,manual_alignments_1_1,sent2,chat_gpt_alignments,alignment_tool_alignments
0.0,The Birds and the Beasts declared war against each other.,"(0, 0)","(0, 0)","The Birds were at war with the Beasts, and many battles were fought with varying success on either side.","(0, 0)
(1, 0)
(2, 1)
(3, 0)
(4, 1)
(9, 1)
(11, 1)
(12, 1)
(13, 2)
(15, 2)
(16, 2)",
1.0,"No compromise was possible, and so they went at it tooth and claw.","(1, -1)","(1, -1)","The Bat did not throw in his lot definitely with either party, but when things went well for the Birds he was found fighting in their ranks; when, on the other hand, the Beasts got the upper hand, he was to be found among the Beasts.",,
2.0,It is said the quarrel grew out of the persecution the race of Geese suffered at the teeth of the Fox family.,"(2, -1)","(2, -1)","No one paid any attention to him while the war lasted: but when it was over, and peace was restored, neither the Birds nor the Beasts would have anything to do with so double-faced a traitor, and so he remains to this day a solitary outcast from both",,
3.0,"The Beasts, too, had cause for fight.","(3, -1)","(3, -1)",,,
4.0,"The Eagle was constantly pouncing on the Hare, and the Owl dined daily on Mice.  ","(4, -1)","(4, -1)",,,
5.0,It was a terrible battle.,"(5, -1)","(5, -1)",,,
6.0,Many a Hare and many a Mouse died.,"(6, -1)","(6, -1)",,,
7.0,Chickens and Geese fell by the score--and the victor always stopped for a feast.,"(7, -1)","(7, -1)",,,
8.0,Now the Bat family had not openly joined either side.,"(8, -1)","(8, -1)",,,
9.0,They were a very politic race.,"(9, -1)","(9, -1)",,,
10.0,"So when they saw the Birds getting the better of it, they were Birds for all there was in it.","(10, 1)","(10, 1)",,,
11.0,"But when the tide of battle turned, they immediately sided with the Beasts.  ","(11, 1)","(11, -1)",,,
12.0,"When the battle was over, the conduct of the Bats was discussed at the peace conference.","(12, 2)","(12, -1)",,,
13.0,"Such deceit was unpardonable, and Birds and Beasts made common cause to drive out the Bats.","(13, 2)","(13, -1)",,,
14.0,"And since then the Bat family hides in dark towers and deserted ruins, flying out only in the night.  ","(14, 2)","(14, 2)",,,
15.0,_,"(15, -1)","(15, -1)",,,
16.0,The deceitful have no friends.,"(16, -1)","(16, -1)",,,
