Unnamed: 0,sent1,manual_alignments,manual_alignments_1_1,sent2,chat_gpt_alignments,alignment_tool_alignments
0.0,"A Wild Boar was sharpening his tusks busily against the stump of a tree, when a Fox happened by.","(0, 0)",(0 -1),"A Wild Boar was engaged in whetting his tusks upon the trunk of a tree in the forest when a Fox came by and, seeing what he was at, said to him, ""Why are you doing that, pray?","(0, 0)
(1, 1)
(3, 2)
(4, 0)
(6, 2)
(8, 3)",
1.0,Now the Fox was always looking for a chance to make fun of his neighbors.,"(1, -1)","(1, -1)","The huntsmen are not out to-day, and there are no other dangers at hand that I can see.""",,
2.0,"So he made a great show of looking anxiously about, as if in fear of some hidden enemy.","(2, -1)","(2, -1)","""True, my friend,"" replied the Boar, ""but the instant my life is in danger I shall need to use my tusks.",,
3.0,But the Boar kept right on with his work.,"(3, -1)","(3, -1)",There'll be no time to sharpen them then.,,
4.0,"""Why are you doing that?"" asked the Fox at last with a grin.","(4, 0)","(4, 0)",,,
5.0,"""There isn't any danger that I can see.""  ","(5, 1)","(5, 1)",,,
6.0,"""True enough,"" replied the Boar, ""but when danger does come there will not be time for such work as this.","(6, 3)","(6, 3)",,,
7.0,"My weapons will have to be ready for use then, or I shall suffer for it.""  ","(7, 2)","(7, 2)",,,
8.0,_Preparedness for war is the best guarantee of peace.,"(8, -1)","(8, -1)",,,
