Unnamed: 0,sent1,manual_alignments,manual_alignments_1_1,sent2,chat_gpt_alignments,alignment_tool_alignments,2nd_manual_alignments
0.0,A LITTLE Boy once went in bathing where the water was too deep for him.,"(0, 0)","(0, 0)","A Boy was bathing in a river and got out of his depth, and was in great danger of being drowned.","(0, 0)
(1, 1)
(2, 2)
(6, 2)
(7, 3)",,"(0, 0)"
1.0,"When he found himself sinking, he cried out to a Man who was passing by, to come and help him.  ","(1, 1)","(1, 1)","A man who was passing along a road heard his cries for help, and went to the riverside and began to scold him for being so careless as to get into deep water, but made no attempt to help him.",,,"(1, 1)"
2.0,“Can’t you swim?” asked the Man.,"(2, 1)","(2, -1)","""Oh, sir,"" cried the Boy, ""please help me first and scold me afterwards.""  ",,,"(2, -1)"
3.0,"“No,” replied the Boy, “I don’t know how.”  ","(3, -1)","(3, -1)","Give assistance, not advice, in a crisis",,,"(3, -1)"
4.0,"“How foolish you were, then,” said the Man, “to go into deep water!","(4, 1)","(4, -1)",,,,"(4, 1)"
5.0,Didn’t you know better?”,"(5, -1)","(5, -1)",,,,"(5, -1)"
6.0,"“Oh, good sir, please help me now, or I shall drown!” cried the Boy.","(6, 2)","(6, 2)",,,,"(6, 2)"
7.0,“You can scold me when I am safe on shore again.,"(7, 2)","(7, -1)",,,,"(7, 2)"
