Unnamed: 0,sent1,manual_alignments,manual_alignments_1_1,sent2,chat_gpt_alignments,alignment_tool_alignments
0.0,A Boy was given permission to put his hand into a pitcher to get some filberts.,"(0, 0)","(0, 0)","A Boy put his hand into a jar of Filberts, and grasped as many as his fist could possibly hold.","(0, 0)
(1, 1)
(2, 1)
(3, 2)
(4, 3)
(6, 4)",
1.0,But he took such a great fistful that he could not draw his hand out again.,"(1, 1)","(1, -1)","But when he tried to pull it out again, he found he couldn't do so, for the neck of the jar was too small to allow of the passage of so large a handful.",,
2.0,"There he stood, unwilling to give up a single filbert and yet unable to get them all out at once.","(2, 1)","(2, 1)","Unwilling to lose his nuts but unable to withdraw his hand, he burst into tears.",,
3.0,Vexed and disappointed he began to cry.,"(3, 2)","(3, 2)","A bystander, who saw where the trouble lay, said to him, ""Come, my boy, don't be so greedy: be content with half the amount, and you'll be able to get your hand out without difficulty.""  ",,
4.0,"""My boy,"" said his mother, ""be satisfied with half the nuts you have taken and you will easily get your hand out.","(4, 3)","(4, 3)",Do not attempt too much at once.,,
5.0,"Then perhaps you may have some more filberts some other time.""  ","(5, -1)","(5, -1)",,,
6.0,_Do not attempt too much at once._,"(6, 4)","(6, 4)",,,
