Unnamed: 0,sent1,manual_alignments,manual_alignments_1_1,sent2,chat_gpt_alignments,alignment_tool_alignments,2nd_manual_alignments
0.0,Some Boys were playing one day at the edge of a pond in whichlived a family of Frogs.,"(0, 0)","(0, -1)","Some mischievous Boys were playing on the edge of a pond, and,catching sight of some Frogs swimming about in the shallow water, theybegan to amuse themselves by pelting them with stones, and they killedseveral of them.","(0, 0)
(1, 0)
(2, 2)
(3, 1)
(4, 3)
(5, 3)",,"(0, 0)"
1.0,The Boys amused themselves by throwingstones into the pond so as to make them skip on top of the water.,"(1, 0)","(1, 0)","At last one of the Frogs put his head out of thewater and said, ""Oh, stop!",,,"(1, 0)"
2.0,The stones were flying thick and fast and the Boys were enjoyingthemselves very much; but the poor Frogs in the pond weretrembling with fear.,"(2, 0)","(2, -1)",stop!,,,"(2, 0)"
3.0,"At last one of the Frogs, the oldest and bravest, put his headout of the water, and said, ""Oh, please, dear children, stop yourcruel play!","(3, 1)","(3, 1)","I beg of you: what is sport to you isdeath to us.""",,,"(3, 1)"
4.0,"Though it may be fun for you, it means death to us!""_Always stop to think whether your fun may not be the cause ofanother's unhappiness._","(4, 3)","(4, 3)",,,,"(4, 3)"
