Unnamed: 0,sent1,manual_alignments,manual_alignments_1_1,sent2,chat_gpt_alignments,alignment_tool_alignments
0.0,Some Boys were playing one day at the edge of a pond in which lived a family of Frogs.,"(0, 0)","(0, 0)","SOME Boys, playing near a pond, saw a number of Frogs sporting in the water.  ","(0, 0)
(1, 1)
(2, 1)
(3, 2)
(4, 3)
(5, 3)",
1.0,The Boys amused themselves by throwing stones into the pond so as to make them skip on top of the water.,"(1, 1)","(1, 1)","“Let us see if we can hit them; it is great fun to make them dive,” said one; and they all began to pelt them with stones.  ",,
2.0,The stones were flying thick and fast and the Boys were enjoying themselves very much; but the poor Frogs in the pond were trembling with fear.,"(2, 2)","(2, 2)","At last, after several Frogs had been hit, one of them put his head up out of the water, and said: “Pray stop, Boys.",,
3.0,"At last one of the Frogs, the oldest and bravest, put his head out of the water, and said, ""Oh, please, dear children, stop your cruel play!","(3, -1)","(3, -1)","Throwing stones at us may be great sport for you, but it is death to us.",,
4.0,"Though it may be fun for you, it means death to us!""  ","(4, 3)","(4, 3)","We have done you no harm, and alas!",,
5.0,_Always stop to think whether your fun may not be the cause of another's unhappiness._,"(5, -1)","(5, -1)",you have already killed or wounded three of our family.”,,
