Unnamed: 0,sent1,manual_alignments,manual_alignments_1_1,sent2,chat_gpt_alignments,alignment_tool_alignments,2nd_manual_alignments
0.0,"A certain man had two children, a boy and a girl: and the boy was as good-looking as the girl was plain.","(0, 0)","(0, 0)","Twin children: the Girl, she was plain; The Brother was handsome & vain;   ""Let him brag of his looks,""   Father said; ""mind your books!","(0, 0)
(1, 1)
(2, 2)
(4, 1)
(5, 3)",,"(0, 0)"
1.0,"One day, as they were playing together in their mother's chamber, they chanced upon a mirror and saw their own features for the first time.","(1, -1)","(1, -1)","The best beauty is bred in the brain.""  ",,,"(1, -1)"
2.0,"The boy saw what a handsome fellow he was, and began to boast to his Sister about his good looks: she, on her part, was ready to cry with vexation when she was aware of her plainness, and took his remarks as an insult to herself.","(2, -1)","(2, -1)",HANDSOME IS,,,"(2, -1)"
3.0,"Running to her father, she told him of her Brother's conceit, and accused him of meddling with his mother's things.","(3, -1)","(3, -1)",AS HANDSOME DOES,,,"(3, -1)"
4.0,"He laughed and kissed them both, and said, ""My children, learn from now onwards to make a good use of the glass.","(4, -1)","(4, -1)",,,,"(4, -1)"
5.0,"You, my boy, strive to be as good as it shows you to be handsome; and you, my girl, resolve to make up for the plainness of your features by the sweetness of your disposition.","(5, -1)","(5, -1)",,,,"(5, -1)"
