Unnamed: 0,sent1,manual_alignments,manual_alignments_1_1,sent2,chat_gpt_alignments,alignment_tool_alignments
0.0,A BULL was once striving with all his might to squeeze himself through a narrow passage which led to his stall.,"(0, 0)","(0, 0)","A full-grown Bull was struggling to force his huge bulk through the narrow entrance to a cow-house where his stall was, when a young Calf came up and said to him, ""If you'll step aside a moment, I'll show you the way to get through.""","(0, 0)
(1, 0)
(3, 2)",
1.0,"“I will go through,” said a young Calf, “and show you the way.","(1, 0)","(1, 0)",The Bull turned upon him an amused look.,,
2.0,I have done it many a time.”,"(2, -1)","(2, -1)","""I knew that way,"" said he, ""before you were born.",,
3.0,"“Save yourself the trouble,” said the Bull; “I knew the way before you were born.","(3, 2)","(3, 2)",,,
