Unnamed: 0,sent1,manual_alignments,manual_alignments_1_1,sent2,chat_gpt_alignments,alignment_tool_alignments
0.0,"A certain Father had a family of Sons, who were forever quarreling among themselves.","(0, 0)","(0, -1)",An old man on the point of death summoned his sons around him to give them some parting advice.,"(0, 0)
(1, 0)
(2, 2)
(3, 3)
(4, 5)
(6, 7)
(8, 6)
(10, 7)",
1.0,"No words he could say did the least good, so he cast about in his mind for some very striking example that should make them see that discord would lead them to misfortune.  ","(1, 0)","(1, 0)","He ordered his servants to bring in a faggot of sticks, and said to his eldest son: “Break it.”",,
2.0,"One day when the quarreling had been much more violent than usual and each of the Sons was moping in a surly manner, he asked one of them to bring him a bundle of sticks.","(2, 1)","(2, 1)","The son strained and strained, but with all his efforts was unable to break the Bundle.",,
3.0,Then handing the bundle to each of his Sons in turn he told them to try to break it.,"(3, 2)","(3, 2)","The other sons also tried, but none of them was successful.",,
4.0,"But although each one tried his best, none was able to do so.  ","(4, 3)","(4, 3)","“Untie the faggots,” said the father, “and each of you take a stick.”",,
5.0,The Father then untied the bundle and gave the sticks to his Sons to break one by one.,"(5, 4)","(5, 4)","When they had done so, he called out to them: “Now, break,” and each stick was easily broken.",,
6.0,This they did very easily.,"(6, 5)","(6, 5)","“You see my meaning,” said their father.  ",,
7.0,"""My Sons,"" said the Father, ""do you not see how certain it is that if you agree with each other and help each other, it will be impossible for your enemies to injure you?","(7, 6)","(7, 6)",Union gives strength,,
8.0,"But if you are divided among yourselves, you will be no stronger than a single stick in that bundle.""  ","(8, -1)","(8, -1)",,,
9.0,_,"(9, -1)","(9, -1)",,,
10.0,In unity is strength._,"(10, 7)","(10, 7)",,,
