Unnamed: 0,sent1,manual_alignments,manual_alignments_1_1,sent2,chat_gpt_alignments,alignment_tool_alignments
0.0,"A certain Father had a family of Sons, who were forever quarreling among themselves.","(0, 0)","(0, 0)","AN Old Man had many Sons, who were often quarreling.","(0, 0)
(1, 1)
(2, 2)
(3, 3)
(4, 4)
(5, 6)
(7, 8)
(9, 7)
(10, 8)",
1.0,"No words he could say did the least good, so he cast about in his mind for some very striking example that should make them see that discord would lead them to misfortune.  ","(1, 1)","(1, 1)","He tried to make them good friends, but could not.",,
2.0,"One day when the quarreling had been much more violent than usual and each of the Sons was moping in a surly manner, he asked one of them to bring him a bundle of sticks.","(2, 2)","(2, 2)","As the end of his life drew near, the old Man called them all to him and showed them a bundle of sticks tied tightly together.  ",,
3.0,Then handing the bundle to each of his Sons in turn he told them to try to break it.,"(3, 3)","(3, 3)","“Now,” said the Father, “see if you can break this bundle of sticks.”  ",,
4.0,"But although each one tried his best, none was able to do so.  ","(4, 4)","(4, 4)","Each of the Sons in turn took the bundle and tried with all his might to break it, but could not.",,
5.0,The Father then untied the bundle and gave the sticks to his Sons to break one by one.,"(5, 5)","(5, 5)","When all had tried and given it up, the Father said, “Untie the bundle, and each of you take a stick and see if you can break that.”",,
6.0,This they did very easily.,"(6, 6)","(6, 6)",This they could do very easily.,,
7.0,"""My Sons,"" said the Father, ""do you not see how certain it is that if you agree with each other and help each other, it will be impossible for your enemies to injure you?","(7, 7)","(7, 7)","Then said the Father:  “You saw when the sticks were bound together how strong they were; but as soon as they were untied, you broke them easily.",,
8.0,"But if you are divided among yourselves, you will be no stronger than a single stick in that bundle.""  ","(8, 8)","(8, 8)","Now, if you will stop quarreling and stand by each other, you will be like the bundle of sticks—no one can do you any harm; but if you do not keep together, you will be as weak as is one of the little sticks by itself, which any one can break.",,
9.0,_,"(9, -1)","(9, -1)",,,
10.0,In unity is strength._,"(10, -1)","(10, -1)",,,
