Unnamed: 0,sent1,manual_alignments,manual_alignments_1_1,sent2,chat_gpt_alignments,alignment_tool_alignments
0.0,A Cat was growing very thin.,"(0, -1)","(0, -1)",A Cat heard that the Birds in an aviary were ailing.,"(0, 0)
(2, 0)
(3, 1)
(5, 1)
(6, 2)
(8, 2)
(9, 3)",
1.0,"As you have guessed, he did not get enough to eat.","(1, -1)","(1, -1)","So he got himself up as a doctor, and, taking with him a set of the instruments proper to his profession, presented himself at the door, and inquired after the health of the Birds.",,
2.0,One day he heard that some Birds in the neighborhood were ailing and needed a doctor.,"(2, 0)","(2, 0)","""We shall do very well,"" they replied, without letting him in, ""when we've seen the last of you.""  ",,
3.0,"So he put on a pair of spectacles, and with a leather box in his hand, knocked at the door of the Bird's home.  ","(3, 1)","(3, 1)","A villain may disguise himself, but he will not deceive the wise.",,
4.0,"The Birds peeped out, and Dr. Cat, with much solicitude, asked how they were.","(4, 1)","(4, -1)",,,
5.0,He would be very happy to give them some medicine.,"(5, 1)","(5, -1)",,,
6.0,"""Tweet, tweet,"" laughed the Birds.","(6, -1)","(6, -1)",,,
7.0,"""Very smart, aren't you?","(7, -1)","(7, -1)",,,
8.0,"We are very well, thank you, and more so, if _you_ only keep away from here.""  ","(8, 2)","(8, 2)",,,
9.0,_Be wise and shun the quack._,"(9, 3)","(9, 3)",,,
