Unnamed: 0,sent1,manual_alignments,manual_alignments_1_1,sent2,chat_gpt_alignments,alignment_tool_alignments
0.0,"A HUNGRY Cat, who had tried in vain to find a Mouse for her supper, at last caught a young Cock.  ","(0, -1)","(0, -1)","A Cat pounced on a Cock, and cast about for some good excuse for making a meal off him, for Cats don't as a rule eat Cocks, and she knew she ought not to.","(0, 0)
(1, 3)
(2, 2)
(3, 4)",
1.0,"“You are a noisy creature,” she said to him, “and have lived long enough.","(1, -1)","(1, -1)","At last she said, ""You make a great nuisance of yourself at night by crowing and keeping people awake: so I am going to make an end of you.""",,
2.0,You disturb every one in the house by your loud crowing in the morning.”,"(2, 1)","(2, 1)","But the Cock defended himself by saying that he crowed in order that men might wake up and set about the day's work in good time, and that they really couldn't very well do without him.",,
3.0,"“You are mistaken,” answered the Cock; “I disturb no one.","(3, 2)","(3, 2)","""That may be,"" said the Cat, ""but whether they can or not, I'm not going without my dinner""; and she killed and ate him.  ",,
4.0,I crow to wake the family.,"(4, -1)","(4, -1)",The want of a good excuse never kept a villain from crime.,,
5.0,They would not know when to get up but for me.”,"(5, -1)","(5, -1)",,,
6.0,"“Never mind,” said the Cat; “don’t trouble yourself to make excuses; I have had no breakfast and no dinner; I shall eat you for my supper.","(6, 3)","(6, 3)",,,
