Unnamed: 0,sent1,manual_alignments,manual_alignments_1_1,sent2,chat_gpt_alignments,alignment_tool_alignments
0.0,One bright evening as the sun was sinking on a glorious world a wise old Cock flew into a tree to roost.,"(0, -1)","(0, -1)","A FOX went prowling about a farmyard, not seeing a trap which the farmer had hidden there to catch him.",,
1.0,"Before he composed himself to rest, he flapped his wings three times and crowed loudly.","(1, -1)","(1, -1)","Snap! went the trap, and the Fox found himself held fast by a strong cord.",,
2.0,"But just as he was about to put his head under his wing, his beady eyes caught a flash of red and a glimpse of a long pointed nose, and there just below him stood Master Fox.  ","(2, -1)","(2, -1)",He howled horribly and was almost beside himself with rage.,,
3.0,"""Have you heard the wonderful news?"" cried the Fox in a very joyful and excited manner.  ","(3, -1)","(3, -1)","A Cock, hearing the noise, flew to the top of the fence.",,
4.0,"""What news?"" asked the Cock very calmly.","(4, -1)","(4, -1)","Looking over, he saw the Fox and was terribly frightened—not daring to go near him, even when he found that his old enemy could not move.",,
5.0,"But he had a queer, fluttery feeling inside him, for, you know, he was very much afraid of the Fox.  ","(5, -1)","(5, -1)",But he could not refrain from giving an exulting crow.,,
6.0,"""Your family and mine and all other animals have agreed to forget their differences and live in peace and friendship from now on forever.","(6, -1)","(6, -1)","The Fox, looking up, said: “Dear Mr. Cock, you see how unlucky I have been, and all because I came here to inquire after your health.",,
7.0,Just think of it!,"(7, -1)","(7, -1)","Do please help me to break this string, or at least do not let any one know that I am caught until I have time to gnaw it with my teeth.”  ",,
8.0,I simply cannot wait to embrace you!,"(8, -1)","(8, -1)","The Cock said nothing, but went as fast as he could and told his master all about it.",,
9.0,"Do come down, dear friend, and let us celebrate the joyful event.""  ","(9, -1)","(9, -1)",So the crafty Fox was served as the Cock thought he deserved to be,,
10.0,"""How grand!"" said the Cock.","(10, -1)","(10, -1)",,,
11.0,"""I certainly am delighted at the news.""","(11, -1)","(11, -1)",,,
12.0,"But he spoke in an absent way, and stretching up on tiptoes, seemed to be looking at something afar off.  ","(12, -1)","(12, -1)",,,
13.0,"""What is it you see?"" asked the Fox a little anxiously.  ","(13, -1)","(13, -1)",,,
14.0,"""Why, it looks to me like a couple of Dogs coming this way.","(14, -1)","(14, -1)",,,
15.0,"They must have heard the good news and--""  ","(15, -1)","(15, -1)",,,
16.0,But the Fox did not wait to hear more.,"(16, -1)","(16, -1)",,,
17.0,Off he started on a run.,"(17, -1)","(17, -1)",,,
18.0,"""Wait,"" cried the Cock.","(18, -1)","(18, -1)",,,
19.0,"""Why do you run?","(19, -1)","(19, -1)",,,
20.0,"The Dogs are friends of yours now!""  ","(20, -1)","(20, -1)",,,
21.0,"""Yes,"" answered the Fox.","(21, -1)","(21, -1)",,,
22.0,"""But they might not have heard the news.","(22, -1)","(22, -1)",,,
23.0,"Besides, I have a very important errand that I had almost forgotten about.""  ","(23, -1)","(23, -1)",,,
24.0,"The Cock smiled as he buried his head in his feathers and went to sleep, for he had succeeded in outwitting a very crafty enemy.  ","(24, -1)","(24, -1)",,,
25.0,_,"(25, -1)","(25, -1)",,,
26.0,The trickster is easily tricked._,"(26, -1)","(26, -1)",,,
