Unnamed: 0,sent1,manual_alignments,manual_alignments_1_1,sent2,chat_gpt_alignments,alignment_tool_alignments,2nd_manual_alignments
0.0,"A Cock, scratching the ground for something to eat, turned up a Jewel that had by chance been dropped there.","(0, 0)","(0, 0)",A Barn-door Cock while scratching up his dunghill came upon a Jewel.,"(0, 0)
(1, 1)
(2, 2)",,"(0, 0)"
1.0,"""Ho!"" said he, ""a fine thing you are, no doubt, and, had your owner found you, great would his joy have been.","(1, 1)","(1, 1)","""Oh, why,"" said he, ""should I find this glistening thing?",,,"(1, 2)"
2.0,But for me! give me a single grain of corn before all the jewels in the world.,"(2, 2)","(2, 2)","If some jeweller had found it he would have been beside himself with joy at the thought of its value; but to me it is of no manner of use, nor do I care one jot about it; why, I would rather have one grain of barley than all the jewels in the world.",,,"(2, 2)"
