Unnamed: 0,sent1,manual_alignments,manual_alignments_1_1,sent2,chat_gpt_alignments,alignment_tool_alignments,2nd_manual_alignments
0.0,"A Cock was busily scratching and scraping about to find somethingto eat for himself and his family, when he happened to turn up aprecious jewel that had been lost by its owner.","(0, 0)","(0, 0)","A Cock, scratching the ground for something to eat, turned up a Jewelthat had by chance been dropped there.","(0, 0)
(1, 1)
(2, 2)
(3, 2)
(4, 1)",,"(0, 0)"
1.0,"""Aha!"" said the Cock.","(1, 1)","(1, -1)","""Ho!"" said he, ""a fine thingyou are, no doubt, and, had your owner found you, great would his joyhave been.",,,"(1, 1)"
2.0,"""No doubt you are very costly and he wholost you would give a great deal to find you.","(2, 1)","(2, 1)","But for me! give me a single grain of corn before all thejewels in the world.""",,,"(2, 1)"
3.0,"But as for me, Iwould choose a single grain of barleycorn before all the jewelsin the world.","(3, 2)","(3, 2)",,,,"(3, 2)"
4.0,"""_Precious things are without value to those who cannot prizethem._","(4, -1)","(4, -1)",,,,"(4, -1)"
