Unnamed: 0,sent1,manual_alignments,manual_alignments_1_1,sent2,chat_gpt_alignments,alignment_tool_alignments
0.0,"SAID an old Crab to a young one, “Why do you walk so crooked, child?","(0, 0)","(0, 0)","An Old Crab said to her son, ""Why do you walk sideways like that, my son?","(0, 0)
(1, 1)
(2, 2)
(3, 3)
(4, 4)",
1.0,Walk straight!”,"(1, 1)","(1, 1)","You ought to walk straight.""",,
2.0,"“Mother,” said the young Crab, “show me the way, will you?","(2, 2)","(2, 2)","The Young Crab replied, ""Show me how, dear mother, and I'll follow your example.""",,
3.0,"When I see you taking a straight course, I will try and follow.”  ","(3, -1)","(3, -1)","The Old Crab tried, but tried in vain, and then saw how foolish she had been to find fault with her child.  ",,
4.0,Example is better than precept,"(4, 4)","(4, 4)",Example is better than precept,,
