Unnamed: 0,sent1,manual_alignments,manual_alignments_1_1,sent2,chat_gpt_alignments,alignment_tool_alignments,2nd_manual_alignments
0.0,"In a spell of dry weather, when the Birds could find very littleto drink, a thirsty Crow found a pitcher with a little water init.","(0, 0)","(0, 0)","A thirsty Crow found a Pitcher with some water in it, but so littlewas there that, try as she might, she could not reach it with herbeak, and it seemed as though she would die of thirst within sight ofthe remedy.","(0, 0)
(1, 0)
(2, 0)
(4, 2)
(5, 2)
(7, 3)",,"(0, 0)"
1.0,"But the pitcher was high and had a narrow neck, and no matterhow he tried, the Crow could not reach the water.","(1, 0)","(1, -1)",At last she hit upon a clever plan.,,,"(1, 0)"
2.0,The poor thingfelt as if he must die of thirst.,"(2, 0)","(2, -1)","She began droppingpebbles into the Pitcher, and with each pebble the water rose a littlehigher until at last it reached the brim, and the knowing bird wasenabled to quench her thirst.",,,"(2, 0)"
3.0,Then an idea came to him.,"(3, 1)","(3, 1)",Necessity is the mother of invention.,,,"(3, 1)"
4.0,"Picking up some small pebbles, hedropped them into the pitcher one by one.","(4, 2)","(4, -1)",,,,"(4, 2)"
5.0,With each pebble thewater rose a little higher until at last it was near enough so hecould drink._In a pinch a good use of our wits may help us out._,"(5, 2)","(5, 2)",,,,"(5, 2)"
