Unnamed: 0,sent1,manual_alignments,manual_alignments_1_1,sent2,chat_gpt_alignments,alignment_tool_alignments
0.0,"A Dog and a Cock, who were the best of friends, wished very muchto see something of the world.","(0, 0)","(0, 0)","A Dog and a Cock became great friends, and agreed to travel together.","(0, 0)
(1, 1)
(3, 3)
(4, 4)
(8, 1)
(9, 4)
(12, 6)
(15, 5)
(18, 7)",,
1.0,So they decided to leave thefarmyard and to set out into the world along the road that led tothe woods.,"(1, 0)","(1, -1)","At nightfall the Cock flew up into the branches of a tree to roost,while the Dog curled himself up inside the trunk, which was hollow.",,,
2.0,The two comrades traveled along in the very best ofspirits and without meeting any adventure to speak of.,"(2, -1)","(2, -1)","Atbreak of day the Cock woke up and crew, as usual.",,,
3.0,"At nightfall the Cock, looking for a place to roost, as was hiscustom, spied nearby a hollow tree that he thought would do verynicely for a night's lodging.","(3, 1)","(3, 1)","A Fox heard, and,wishing to make a breakfast of him, came and stood under the tree andbegged him to come down.",,,
4.0,The Dog could creep inside and theCock would fly up on one of the branches.,"(4, 1)","(4, -1)","""I should so like,"" said he, ""to make theacquaintance of one who has such a beautiful voice.""",,,
5.0,"So said, so done, andboth slept very comfortably.","(5, -1)","(5, -1)","The Cock replied,""Would you just wake my porter who sleeps at the foot of the tree?He'll open the door and let you in.""",,,
6.0,With the first glimmer of dawn the Cock awoke.,"(6, 2)","(6, 2)","The Fox accordingly rapped on thetrunk, when out rushed the Dog and tore him in pieces.",,,
7.0,For the moment heforgot just where he was.,"(7, -1)","(7, -1)",,,,
8.0,He thought he was still in the farmyardwhere it had been his duty to arouse the household at daybreak.,"(8, 2)","(8, -1)",,,,
9.0,So standing on tip-toes he flapped his wings and crowed lustily.,"(9, -1)","(9, -1)",,,,
10.0,"But instead of awakening the farmer, he awakened a Fox not faroff in the wood.","(10, 3)","(10, -1)",,,,
11.0,The Fox immediately had rosy visions of a verydelicious breakfast.,"(11, 3)","(11, 3)",,,,
12.0,"Hurrying to the tree where the Cock wasroosting, he said very politely:""A hearty welcome to our woods, honored sir.","(12, 4)","(12, 4)",,,,
13.0,I cannot tell youhow glad I am to see you here.,"(13, -1)","(13, -1)",,,,
14.0,I am quite sure we shall becomethe closest of friends.,"(14, -1)","(14, -1)",,,,
15.0,"""""I feel highly flattered, kind sir,"" replied the Cock slyly.","(15, -1)","(15, -1)",,,,
16.0,"""Ifyou will please go around to the door of my house at the foot ofthe tree, my porter will let you in.","(16, 5)","(16, 5)",,,,
17.0,"""The hungry but unsuspecting Fox, went around the tree as he wastold, and in a twinkling the Dog had seized him._Those who try to deceive may expect to be paid in their owncoin._","(17, 6)","(17, 6)",,,,
