Unnamed: 0,sent1,manual_alignments,manual_alignments_1_1,sent2,chat_gpt_alignments,alignment_tool_alignments
0.0,"A Dog asleep in a manger filled with hay, was awakened by the Cattle, which came in tired and hungry from working in the field.","(0, 0)","(0, -1)","A Dog was lying in a Manger on the hay which had been put there for the cattle, and when they came and tried to eat, he growled and snapped at them and wouldn't let them get at their food.","(0, 0)
(1, 0)
(2, 0)
(3, 1)
(4, 1)
(6, 1)
(7, 1)",
1.0,"But the Dog would not let them get near the manger, and snarled and snapped as if it were filled with the best of meat and bones, all for himself.  ","(1, 0)","(1, 0)","""What a selfish beast,"" said one of them to his companions; ""he can't eat himself and yet he won't let those eat who can.",,
2.0,The Cattle looked at the Dog in disgust.,"(2, -1)","(2, -1)",,,
3.0,"""How selfish he is!"" said one.","(3, 1)","(3, -1)",,,
4.0,"""He cannot eat the hay and yet he will not let us eat it who are so hungry for it!""  ","(4, 1)","(4, 1)",,,
5.0,Now the farmer came in.,"(5, -1)","(5, -1)",,,
6.0,"When he saw how the Dog was acting, he seized a stick and drove him out of the stable with many a blow for his selfish behavior.  ","(6, -1)","(6, -1)",,,
7.0,_Do not grudge others what you cannot enjoy yourself.,"(7, -1)","(7, -1)",,,
