Unnamed: 0,sent1,manual_alignments,manual_alignments_1_1,sent2,chat_gpt_alignments,alignment_tool_alignments
0.0,There was once a Dog who was very fond of eggs.,"(0, -1)","(0, -1)","A DOG, seeing an Oyster, took it to be an egg and swallowed it.","(0, 0)
(1, 0)
(3, 0)
(4, 1)
(6, 1)
(8, 1)",
1.0,He visited the hen house very often and at last got so greedy that he would swallow the eggs whole.,"(1, -1)","(1, -1)","Soon after, suffering great pain, he said, “It was my greedy haste that brought me this torment.",,
2.0,One day the Dog wandered down to the seashore.,"(2, -1)","(2, -1)",,,
3.0,There he spied an Oyster.,"(3, 0)","(3, -1)",,,
4.0,"In a twinkling the Oyster was resting in the Dog's stomach, shell and all.  ","(4, 0)","(4, 0)",,,
5.0,"It pained the Dog a good deal, as you can guess.  ","(5, -1)","(5, -1)",,,
6.0,"""I've learned that all round things are not eggs,"" he said groaning.  ","(6, 1)","(6, 1)",,,
7.0,_,"(7, -1)","(7, -1)",,,
8.0,Act in haste and repent at leisure--and often in pain._,"(8, 1)","(8, -1)",,,
