Unnamed: 0,sent1,manual_alignments,manual_alignments_1_1,sent2,chat_gpt_alignments,alignment_tool_alignments
0.0,It happened that a Dog had got a piece of meat and was carrying it home in his mouth to eat it in peace.,"(0, -1)","(0, -1)","His image the Dog did not know, Or his bone's, in the pond's painted show:   ""T'other dog,"" so he thought   ""Has got more than he ought,"" So he snapped, & his dinner saw go!  ","(0, 0)
(1, 0)
(2, 0)
(3, 0)
(4, 1)",
1.0,Now on his way home he had to cross a plank lying across a running brook.,"(1, -1)","(1, -1)",GREED IS SOMETIMES CAUGHT BY ITS OWN BAI,,
2.0,"As he crossed, he looked down and saw his own shadow reflected in the water beneath.","(2, 0)","(2, -1)",,,
3.0,"Thinking it was another dog with another piece of meat, he made up his mind to have that also.","(3, 0)","(3, -1)",,,
4.0,"So he made a snap at the shadow in the water, but as he opened his mouth the piece of meat fell out, dropped into the water and was never seen more.  Beware lest you lose the substance by grasping at the shadow","(4, 0)","(4, 0)",,,
