Unnamed: 0,sent1,manual_alignments,manual_alignments_1_1,sent2,chat_gpt_alignments,alignment_tool_alignments
0.0,"A Dog was crossing a plank bridge over a stream with a piece of meat in his mouth, when he happened to see his own reflection in the water.","(0, 0)",,"His image the Dog did not know, Or his bone's, in the pond's painted show:   ""T'other dog,"" so he thought   ""Has got more than he ought,"" So he snapped, & his dinner saw go!  ","(0, 0)
(1, 0)",
1.0,"He thought it was another dog with a piece of meat twice as big; so he let go his own, and flew at the other dog to get the larger piece.","(1, 0)",,GREED IS SOMETIMES CAUGHT BY ITS OWN BAI,,
2.0,"But, of course, all that happened was that he got neither; for one was only a shadow, and the other was carried away by the current","(2, -1)",,,,
