Unnamed: 0,sent1,manual_alignments,manual_alignments_1_1,sent2,chat_gpt_alignments,alignment_tool_alignments
0.0,Some hungry Dogs saw a number of hides at the bottom of a stream where the Tanner had put them to soak.,"(0, 0)","(0, 0)","SOME Dogs, famished with hunger, saw cowhides steeping in a river, close by a tannery, and thought they might be eaten.","(0, 0)
(1, 1)
(2, 1)
(5, 1)",
1.0,"A fine hide makes an excellent meal for a hungry Dog, but the water was deep and the Dogs could not reach the hides from the bank.","(1, -1)","(1, -1)","Not being able to reach them, they set to work first to drink up the river, but burst themselves with drinking long before they reached the hides",,
2.0,So they held a council and decided that the very best thing to do was to drink up the river.,"(2, 1)","(2, -1)",,,
3.0,All fell to lapping up the water as fast as they could.,"(3, -1)","(3, -1)",,,
4.0,"But though they drank and drank until, one after another, all of them had burst with drinking, still, for all their effort, the water in the river remained as high as ever.  ","(4, 1)","(4, 1)",,,
5.0,_Do not try to do impossible things._,"(5, -1)","(5, -1)",,,
