Unnamed: 0,sent1,manual_alignments,manual_alignments_1_1,sent2,chat_gpt_alignments,alignment_tool_alignments
0.0,Some Dogs found the skin of a Lion and furiously began to tear it with their teeth.,"(0, 0)","(0, 0)","Some Dogs once found a lion's skin, and were worrying it with their teeth.","(0, 0)
(1, 1)
(2, 1)
(3, 1)
(4, 0)",
1.0,A Fox chanced to see them and laughed scornfully.,"(1, 1)","(1, -1)","Just then a Fox came by, and said, ""You think yourselves very brave, no doubt; but if that were a live lion you'd find his claws a good deal sharper than your teeth.",,
2.0,"""If that Lion had been alive,"" he said, ""it would have been a very different story.","(2, 1)","(2, -1)",,,
3.0,"He would have made you feel how much sharper his claws are than your teeth.""  ","(3, 1)","(3, 1)",,,
4.0,_It is easy and also contemptible to kick a man that is down._,"(4, -1)","(4, -1)",,,
