Unnamed: 0,sent1,manual_alignments,manual_alignments_1_1,sent2,chat_gpt_alignments,alignment_tool_alignments
0.0,A gaunt Wolf was almost dead with hunger when he happened to meet a House-dog who was passing by.,"(0, -1)","(0, -1)","A Wolf, seeing a large Dog with a collar on, asked him: ""Who put that collar round your neck, and fed you to be so sleek?""","(0, 0)
(1, 1)
(2, 1)
(6, 0)
(7, 0)
(8, 1)
(9, 1)
(12, 2)",
1.0,"“Ah, Cousin,” said the Dog.","(1, -1)","(1, -1)","""My master,"" answered the Dog.",,
2.0,“I knew how it would be; your irregular life will soon be the ruin of you.,"(2, -1)","(2, -1)","""Then,"" said the Wolf, ""may no friend of mine be treated like this; a collar is as grievous as starvation.",,
3.0,"Why do you not work steadily as I do, and get your food regularly given to you?”  ","(3, -1)","(3, -1)",,,
4.0,"“I would have no objection,” said the Wolf, “if I could only get a place.”  ","(4, -1)","(4, -1)",,,
5.0,"“I will easily arrange that for you,” said the Dog; “come with me to my master and you shall share my work.”  ","(5, -1)","(5, -1)",,,
6.0,So the Wolf and the Dog went towards the town together.,"(6, -1)","(6, -1)",,,
7.0,"On the way there the Wolf noticed that the hair on a certain part of the Dog’s neck was very much worn away, so he asked him how that had come about.  ","(7, 0)","(7, 0)",,,
8.0,"“Oh, it is nothing,” said the Dog.","(8, -1)","(8, -1)",,,
9.0,"“That is only the place where the collar is put on at night to keep me chained up; it chafes a bit, but one soon gets used to it.”  ","(9, -1)","(9, -1)",,,
10.0,“Is that all?” said the Wolf.,"(10, -1)","(10, -1)",,,
11.0,"“Then good-bye to you, Master Dog.”  ","(11, -1)","(11, -1)",,,
12.0,Better starve free than be a fat slave,"(12, 2)","(12, 2)",,,
