Unnamed: 0,sent1,manual_alignments,manual_alignments_1_1,sent2,chat_gpt_alignments,alignment_tool_alignments
0.0,"A Dog was lying in the sun before a farmyard gate when a Wolf pounced upon him and was just going to eat him up; but he begged for his life and said, ""You see how thin I am and what a wretched meal I should make you now: but if you will only wait a few days my master is going to give a feast.","(0, -1)","(0, -1)","A Wolf, seeing a large Dog with a collar on, asked him: ""Who put that collar round your neck, and fed you to be so sleek?""","(0, 0)
(1, 0)
(5, 2)",
1.0,"All the rich scraps and pickings will fall to me and I shall get nice and fat: then will be the time for you to eat me.""","(1, -1)","(1, -1)","""My master,"" answered the Dog.",,
2.0,The Wolf thought this was a very good plan and went away.,"(2, -1)","(2, -1)","""Then,"" said the Wolf, ""may no friend of mine be treated like this; a collar is as grievous as starvation.",,
3.0,"Some time afterwards he came to the farmyard again, and found the Dog lying out of reach on the stable roof.","(3, -1)","(3, -1)",,,
4.0,"""Come down,"" he called, ""and be eaten: you remember our agreement?""","(4, -1)","(4, -1)",,,
5.0,"But the Dog said coolly, ""My friend, if ever you catch me lying down by the gate there again, don't you wait for any feast.""  ","(5, -1)","(5, -1)",,,
6.0,"Once bitten, twice shy.","(6, -1)","(6, -1)",,,
