Unnamed: 0,sent1,manual_alignments,manual_alignments_1_1,sent2,chat_gpt_alignments,alignment_tool_alignments
0.0,"An Eagle sat perched on a lofty rock, keeping a sharp look-out for prey.","(0, -1)","(0, -1)","An Eagle was soaring through the air when suddenly it heard the whizz of an Arrow, and felt itself wounded to death.","(0, 0)
(1, 1)
(2, 2)
(3, 4)
(4, 3)",
1.0,"A huntsman, concealed in a cleft of the mountain and on the watch for game, spied him there and shot an Arrow at him.","(1, 0)","(1, 0)","Slowly it fluttered down to the earth, with its life-blood pouring out of it.",,
2.0,The shaft struck him full in the breast and pierced him through and through.,"(2, 1)","(2, 1)","Looking down upon the Arrow with which it had been pierced, it found that the shaft of the Arrow had been feathered with one of its own plumes.",,
3.0,"As he lay in the agonies of death, he turned his eyes upon the Arrow.","(3, 2)","(3, 2)",“Alas!”,,
4.0,"""Ah! cruel fate!""","(4, 3)","(4, 3)","it cried, as it died,  “We often give our enemies the means for our own destruction.",,
5.0,"he cried, ""that I should perish thus: but oh!","(5, 4)","(5, -1)",,,
6.0,"fate more cruel still, that the Arrow which kills me should be winged with an Eagle's feathers!","(6, 4)","(6, 4)",,,
