Unnamed: 0,sent1,manual_alignments,manual_alignments_1_1,sent2,chat_gpt_alignments,alignment_tool_alignments
0.0,ONE day a mother Eagle came flying out of her nest to look for food for her babies.,"(0, 0)","(0, 0)",An Eagle and a Fox became great friends and determined to live near one another: they thought that the more they saw of each other the better friends they would be.,"(0, 1)
(1, 1)
(2, 2)
(3, 3)
(4, 7)
(5, 8)
(6, 6)
(7, 9)
(9, 9)",
1.0,"She circled round and round, far up in the air, looking down upon the earth with her keen eyes.  ","(1, -1)","(1, -1)","So the Eagle built a nest at the top of a high tree, while the Fox settled in a thicket at the foot of it and produced a litter of cubs.",,
2.0,"By and by she saw a little baby Fox, whose mother had left it alone while, like the Eagle, she went for food.  ","(2, 2)","(2, 2)","One day the Fox went out foraging for food, and the Eagle, who also wanted food for her young, flew down into the thicket, caught up the Fox's cubs, and carried them up into the tree for a meal for herself and her family.",,
3.0,"Down came the bird, whir went her wings, and away she soared again, with the little Fox clutched fast in her claws.  ","(3, 2)","(3, 2)","When the Fox came back, and found out what had happened, she was not so much sorry for the loss of her cubs as furious because she couldn't get at the Eagle and pay her out for her treachery.",,
4.0,"The poor mother Fox just at that moment came running home to her child, and saw it being carried away.  ","(4, -1)","(4, -1)",So she sat down not far off and cursed her.,,
5.0,“O Eagle!”,"(5, -1)","(5, -1)",But it wasn't long before she had her revenge.,,
6.0,"she cried, “leave me my one little baby.","(6, -1)","(6, -1)","Some villagers happened to be sacrificing a goat on a neighbouring altar, and the Eagle flew down and carried off a piece of burning flesh to her nest.",,
7.0,"Remember your own children, and how you would feel if one of them should be taken away.","(7, -1)","(7, -1)","There was a strong wind blowing, and the nest caught fire, with the result that her fledglings fell half-roasted to the ground.",,
8.0,"Oh, bring back my poor cub!”  ","(8, -1)","(8, -1)",Then the Fox ran to the spot and devoured them in full sight of the Eagle.,,
9.0,"But the cruel Eagle, thinking that the Fox could never reach her, in her nest high in the pine tree, flew away with the little Fox, and left the poor mother to cry.  ","(9, 5)","(9, 5)","False faith may escape human punishment, but cannot escape the divine",,
10.0,But the mother Fox did not stop to cry long.,"(10, -1)","(10, -1)",,,
11.0,"She ran to a fire that was burning in the field, caught up a blazing stick of wood, and ran with it in her mouth to the pine tree where the Eagle had her nest.  ","(11, -1)","(11, -1)",,,
12.0,"The Eagle saw her coming, and knew that the Fox would soon have the tree on fire, and that all her young ones would be burned.","(12, -1)","(12, -1)",,,
13.0,"So, to save her own brood, she begged the Fox to stop, and brought her back her little one, safe and sound","(13, -1)","(13, -1)",,,
