Unnamed: 0,sent1,manual_alignments,manual_alignments_1_1,sent2,chat_gpt_alignments,alignment_tool_alignments,2nd_manual_alignments
0.0,A MOST rapacious Eagle had his eyrie on a lofty rock.,"(0, 0)","(0, 0)","An Eagle sat perched on a lofty rock, keeping a sharp look-out for prey.","(0, 0)
(1, 0)
(3, 1)
(4, 4)
(5, 6)",,"(0, 0)"
1.0,"Sitting there, he could watch the movements of the animals he wished to make his prey, and, waiting his opportunity, seize them and bear them away.  ","(1, 1)","(1, 1)","A huntsman, concealed in a cleft of the mountain and on the watch for game, spied him there and shot an Arrow at him.",,,"(1, -1)"
2.0,The poor creatures had no protection from such a foe.,"(2, -1)","(2, -1)",The shaft struck him full in the breast and pierced him through and through.,,,"(2, -1)"
3.0,"But an archer saw him one day watching, from his place of concealment, the movements of an unsuspicious hare; and, taking aim, he wounded him mortally.  ","(3, -1)","(3, -1)","As he lay in the agonies of death, he turned his eyes upon the Arrow.",,,"(3, 1)"
4.0,"The Eagle gave one look at the Arrow that had entered his heart, and saw that its feathers had been furnished by himself, when descending to secure prey.  ","(4, -1)","(4, -1)","""Ah! cruel fate!""",,,"(4, 2)"
5.0,"[Illustration]  “Ah!” said the Eagle, “it is indeed a double grief that I should perish by an Arrow feathered from my own wing.","(5, 6)","(5, 6)","he cried, ""that I should perish thus: but oh!",,,"(5, 6)"
6.0,,,,"fate more cruel still, that the Arrow which kills me should be winged with an Eagle's feathers!",,,
