Unnamed: 0,sent1,manual_alignments,manual_alignments_1_1,sent2,chat_gpt_alignments,alignment_tool_alignments
0.0,An Eagle and a Fox became great friends and determined to live near one another: they thought that the more they saw of each other the better friends they would be.,"(0, 0)","(0, 0)","An Eagle and a Fox entered into a covenant of mutual affection and resolved to live near one another, looking upon close intercourse as a way of strengthening friendship.","(0, 0)
(1, 1)
(2, 2)
(3, 3)
(4, 4)
(5, 5)
(6, 6)
(7, 7)
(8, 8)
(9, 9)",
1.0,"So the Eagle built a nest at the top of a high tree, while the Fox settled in a thicket at the foot of it and produced a litter of cubs.","(1, 1)","(1, 1)","Accordingly the former flew to the top of a high tree and built her nest, while the latter went into a bush at the foot and placed her litter there.",,
2.0,"One day the Fox went out foraging for food, and the Eagle, who also wanted food for her young, flew down into the thicket, caught up the Fox's cubs, and carried them up into the tree for a meal for herself and her family.","(2, 2)","(2, 2)","One day, however, when the Fox was away foraging, the Eagle, being hard pressed for food, swooped down into the bush, snatched up the cubs and helped her own fledglings to devour them.",,
3.0,"When the Fox came back, and found out what had happened, she was not so much sorry for the loss of her cubs as furious because she couldn't get at the Eagle and pay her out for her treachery.","(3, 3)","(3, 3)",When the Fox came back and saw what had happened she was not so much vexed at the death of her young ones as at the impossibility of requital.,,
4.0,So she sat down not far off and cursed her.,"(4, 5)","(4, 5)","For the Eagle having wings and she none, pursuit was impossible.",,
5.0,But it wasn't long before she had her revenge.,"(5, -1)","(5, -1)",So she stood some distance away and did all that is left for the weak and impotent to do--poured curses on her foe.,,
6.0,"Some villagers happened to be sacrificing a goat on a neighbouring altar, and the Eagle flew down and carried off a piece of burning flesh to her nest.","(6, 7)","(6, 7)",But the Eagle was not to put off for long the punishment due to her violation of the sacred tie of friendship.,,
7.0,"There was a strong wind blowing, and the nest caught fire, with the result that her fledglings fell half-roasted to the ground.","(7, 8)","(7, 8)","It happened that some country-people were sacrificing a goat, and the Eagle flew down and carried away from the altar some of the burning flesh.",,
8.0,Then the Fox ran to the spot and devoured them in full sight of the Eagle.,"(8, 9)","(8, 9)","But when she had got it to her eyrie a strong wind got up and kindled into flame the thin dry twigs of the nest, so that the eaglets, being too young to be able to fly, were roasted, and fell to the ground.",,
9.0,"False faith may escape human punishment, but cannot escape the divine","(9, -1)","(9, -1)","Then the Fox ran up and, before the Eagle's eyes, devoured them every one.",,
