Unnamed: 0,sent1,manual_alignments,manual_alignments_1_1,sent2,chat_gpt_alignments,alignment_tool_alignments
0.0,A Stork of a very simple and trusting nature had been asked by agay party of Cranes to visit a field that had been newly planted.,"(0, 0)","(0, 0)","A Farmer set some traps in a field which he had lately sown with corn,in order to catch the cranes which came to pick up the seed.","(0, 1)
(2, 1)
(3, 1)
(4, 1)
(5, 1)
(6, 2)
(7, 3)",
1.0,But the party ended dismally with all the birds entangled in themeshes of the Farmer's net.,"(1, 1)","(1, -1)","When hereturned to look at his traps he found several cranes caught, andamong them a Stork, which begged to be let go, and said, ""You oughtnot to kill me: I am not a crane, but a Stork, as you can easily seeby my feathers, and I am the most honest and harmless of birds.""",,
2.0,The Stork begged the Farmer to spare him.,"(2, 1)","(2, -1)","Butthe Farmer replied, ""It's nothing to me what you are: I find you amongthese cranes, who ruin my crops, and, like them, you shall suffer.",,
3.0,"""Please let me go,"" he pleaded.","(3, 1)","(3, 1)","""If you choose bad companions",,
4.0,"""I belong to the Stork family whoyou know are honest and birds of good character.","(4, 1)","(4, -1)",no one will believe that you areanything but bad yourself.,,
5.0,"Besides, I didnot know the Cranes were going to steal.","(5, -1)","(5, -1)",,,
6.0,"""""You may be a very good bird,"" answered the Farmer, ""but I caughtyou with the thieving Cranes and you will have to share the samepunishment with them.","(6, 2)","(6, 2)",,,
7.0,"""_You are judged by the company you keep._","(7, 4)","(7, 4)",,,
