Unnamed: 0,sent1,manual_alignments,manual_alignments_1_1,sent2,chat_gpt_alignments,alignment_tool_alignments
0.0,A Farmer walked through his field one cold winter morning.,"(0, 0)","(0, -1)","ONE wintry day a Farmer found a Snake lying on the frozen ground, quite stiff and nearly dead with cold.  ","(0, 0)
(1, 1)
(2, 1)
(3, 2)
(4, 5)
(6, 4)",
1.0,"On the ground lay a Snake, stiff and frozen with the cold.","(1, 0)","(1, 0)","In a fit of compassion the Farmer brought him carefully to his house, and laid him near the fire.",,
2.0,"The Farmer knew how deadly the Snake could be, and yet he picked it up and put it in his bosom to warm it back to life.  ","(2, 1)","(2, 1)","But as soon as the Snake began to feel the pleasant warmth, he raised his head and tried to bite his kind friend.  ",,
3.0,"The Snake soon revived, and when it had enough strength, bit the man who had been so kind to it.","(3, 2)","(3, 2)","“Oh!” said the Farmer, “is that the way you repay me for my trouble?",,
4.0,The bite was deadly and the Farmer felt that he must die.,"(4, 3)","(4, 3)","You are a venomous creature, I am sure, and the sooner you die the better.”",,
5.0,"As he drew his last breath, he said to those standing around:  _","(5, 5)","(5, 5)",And he killed him with one blow of his stick,,
6.0,Learn from my fate not to take pity on a scoundrel._,"(6, -1)","(6, -1)",,,
