Unnamed: 0,sent1,manual_alignments,manual_alignments_1_1,sent2,chat_gpt_alignments,alignment_tool_alignments
0.0,"A rich old farmer, who felt that he had not many more days to live, called his sons to his bedside.  ","(0, 0)","(0, 0)","A Farmer, being at death's door, and desiring to impart to his Sons a secret of much moment, called them round him and said, ""My sons, I am shortly about to die; I would have you know, therefore, that in my vineyard there lies a hidden treasure.","(0, 0)
(1, 0)
(2, 1)
(3, 1)
(4, 3)
(7, 3)
(9, 3)",
1.0,"""My sons,"" he said, ""heed what I have to say to you.","(1, 0)","(1, -1)","Dig, and you will find it.""",,
2.0,Do not on any account part with the estate that has belonged to our family for so many generations.,"(2, -1)","(2, -1)","As soon as their father was dead, the Sons took spade and fork and turned up the soil of the vineyard over and over again, in their search for the treasure which they supposed to lie buried there.",,
3.0,Somewhere on it is hidden a rich treasure.,"(3, 0)","(3, -1)","They found none, however: but the vines, after so thorough a digging, produced a crop such as had never before been seen.",,
4.0,"I do not know the exact spot, but it is there, and you will surely find it.","(4, 1)","(4, 1)",,,
5.0,"Spare no energy and leave no spot unturned in your search.""  ","(5, -1)","(5, -1)",,,
6.0,"The father died, and no sooner was he in his grave than the sons set to work digging with all their might, turning up every foot of ground with their spades, and going over the whole farm two or three times.  ","(6, 2)","(6, 2)",,,
7.0,"No hidden gold did they find; but at harvest time when they had settled their accounts and had pocketed a rich profit far greater than that of any of their neighbors, they understood that the treasure their father had told them about was the wealth of a bountiful crop, and that in their industry had they found the treasure.  ","(7, 3)","(7, 3)",,,
8.0,_,"(8, -1)","(8, -1)",,,
9.0,Industry is itself a treasure.,"(9, -1)","(9, -1)",,,
10.0,_,"(10, -1)","(10, -1)",,,
