Unnamed: 0,sent1,manual_alignments,manual_alignments_1_1,sent2,chat_gpt_alignments,alignment_tool_alignments,2nd_manual_alignments
0.0,"A YOUNG Fawn once said to his Mother: “I do not see, Mother, how it is that you should be so afraid of the dogs.","(0, 0)","(0, 0)","A Hind said to her Fawn, who was now well grown and strong, ""My son, Nature has given you a powerful body and a stout pair of horns, and I can't think why you are such a coward as to run away from the hounds.""","(0, 0)
(1, 0)
(5, 2)",,"(0, 0)"
1.0,"You are larger than a dog, and swifter; and you are much more used to running.","(1, -1)","(1, -1)","Just then they both heard the sound of a pack in full cry, but at a considerable distance.",,,"(1, -1)"
2.0,Why is it that the mere mention of a hound puts you into such a terrible fright?”,"(2, 0)","(2, 0)","""You stay where you are,"" said the Hind; ""never mind me"": and with that she ran off as fast as her legs could carry her.",,,"(2, 0)"
3.0,The Mother smiled upon her brave young son.,"(3, -1)","(3, -1)",,,,"(3, -1)"
4.0,"“I know very well,” she said, “that all you say is true.","(4, -1)","(4, -1)",,,,"(4, -1)"
5.0,"I look at my long legs, and remember all the advantages that you mention, yet when I hear the bark of but a single dog, I faint with terror.”","(5, 2)","(5, 2)",,,,"(5, -1)"
