Unnamed: 0,sent1,manual_alignments,manual_alignments_1_1,sent2,chat_gpt_alignments,alignment_tool_alignments
0.0,A Crow was sitting on a branch of a tree with a piece of cheese in her beak when a Fox observed her and set his wits to work to discover some way of getting the cheese.,"(0, 0)","(0, 0)",A Crow stole a piece of cheese and alighted with it on a tree.,"(0, 0)
(1, 1)
(2, 1)
(4, 3)",
1.0,"Coming and standing under the tree he looked up and said, ""What a noble bird I see above me!","(1, -1)","(1, -1)","A Fox watched her, and wishing to get hold of the cheese stood underneath and began to make compliments upon her size and beauty; he went so far as to say that she had the best of claims to be made Queen of the Birds, and doubtless it would have been done if she had only had a voice.",,
2.0,"Her beauty is without equal, the hue of her plumage exquisite.","(2, 1)","(2, -1)","The Crow, anxious to prove to him that she did possess a voice, began to caw vigorously, of course dropping the cheese.",,
3.0,"If only her voice is as sweet as her looks are fair, she ought without doubt to be Queen of the Birds.""","(3, 1)","(3, 1)","The Fox pounced upon it and carried it off, remarking as he went away, ""My good friend Crow, you have every good quality: now try to get some common sense.",,
4.0,"The Crow was hugely flattered by this, and just to show the Fox that she could sing she gave a loud caw.","(4, 2)","(4, 2)",,,
5.0,"Down came the cheese, of course, and the Fox, snatching it up, said, ""You have a voice, madam, I see: what you want is wits.""","(5, 3)","(5, 3)",,,
