Unnamed: 0,sent1,manual_alignments,manual_alignments_1_1,sent2,chat_gpt_alignments,alignment_tool_alignments
0.0,A Fox once saw a Crow fly off with a piece of cheese in its beak and settle on a branch of a tree.,"(0, 0)","(0, 0)",A Crow stole a piece of cheese and alighted with it on a tree.,"(0, 0)
(1, 1)
(2, 2)
(4, 2)
(5, 1)
(6, 3)",
1.0,"“That’s for me, as I am a Fox,” said Master Reynard, and he walked up to the foot of the tree.","(1, -1)","(1, -1)","A Fox watched her, and wishing to get hold of the cheese stood underneath and began to make compliments upon her size and beauty; he went so far as to say that she had the best of claims to be made Queen of the Birds, and doubtless it would have been done if she had only had a voice.",,
2.0,"“Good-day, Mistress Crow,” he cried.","(2, -1)","(2, -1)","The Crow, anxious to prove to him that she did possess a voice, began to caw vigorously, of course dropping the cheese.",,
3.0,“How well you are looking to-day: how glossy your feathers; how bright your eye.,"(3, 1)","(3, -1)","The Fox pounced upon it and carried it off, remarking as he went away, ""My good friend Crow, you have every good quality: now try to get some common sense.",,
4.0,"I feel sure your voice must surpass that of other birds, just as your figure does; let me hear but one song from you that I may greet you as the Queen of Birds.”","(4, 1)","(4, 1)",,,
5.0,"The Crow lifted up her head and began to caw her best, but the moment she opened her mouth the piece of cheese fell to the ground, only to be snapped up by Master Fox.","(5, 2)","(5, 2)",,,
6.0,"“That will do,” said he.","(6, -1)","(6, -1)",,,
7.0,“That was all I wanted.,"(7, -1)","(7, -1)",,,
8.0,In exchange for your cheese I will give you a piece of advice for the future—  “Do not trust flatterers.”,"(8, 3)","(8, 3)",,,
9.0,"The Flatter doth rob by stealth, His victim, both of Wit and Wealth","(9, -1)","(9, -1)",,,
