Unnamed: 0,sent1,manual_alignments,manual_alignments_1_1,sent2,chat_gpt_alignments,alignment_tool_alignments
0.0,A Fox one day spied a beautiful bunch of ripe grapes hanging from a vine trained along the branches of a tree.,"(0, 0)","(0, 0)",One hot summer’s day a Fox was strolling through an orchard till he came to a bunch of Grapes just ripening on a vine which had been trained over a lofty branch.,"(0, 0)
(1, 0)
(2, 2)
(3, 3)
(4, 4)
(6, 4)
(8, 4)
(9, 5)
(11, 5)",
1.0,"The grapes seemed ready to burst with juice, and the Fox's mouth watered as he gazed longingly at them.  ","(1, 1)","(1, 1)","“Just the thing to quench my thirst,” quoth he.",,
2.0,"The bunch hung from a high branch, and the Fox had to jump for it.","(2, 2)","(2, 2)","Drawing back a few paces, he took a run and a jump, and just missed the bunch.",,
3.0,The first time he jumped he missed it by a long way.,"(3, 3)","(3, -1)","Turning round again with a One, Two, Three, he jumped up, but with no greater success.",,
4.0,"So he walked off a short distance and took a running leap at it, only to fall short once more.","(4, 3)","(4, 3)","Again and again he tried after the tempting morsel, but at last had to give it up, and walked away with his nose in the air, saying: “I am sure they are sour.”  ",,
5.0,"Again and again he tried, but in vain.  ","(5, 4)","(5, -1)",It is easy to despise what you cannot get,,
6.0,Now he sat down and looked at the grapes in disgust.,"(6, -1)","(6, -1)",,,
7.0,"""What a fool I am,"" he said.","(7, -1)","(7, -1)",,,
8.0,"""Here I am wearing myself out to get a bunch of sour grapes that are not worth gaping for.""  ","(8, 4)","(8, -1)",,,
9.0,"And off he walked very, very scornfully.  ","(9, 4)","(9, 4)",,,
10.0,_,"(10, -1)","(10, -1)",,,
11.0,There are many who pretend to despise and belittle that which is beyond their reach.,"(11, 5)","(11, 5)",,,
