Unnamed: 0,sent1,manual_alignments,manual_alignments_1_1,sent2,chat_gpt_alignments,alignment_tool_alignments,2nd_manual_alignments
0.0,A Fox one day spied a beautiful bunch of ripe grapes hanging froma vine trained along the branches of a tree.,"(0, 0)","(0, -1)","A hungry Fox saw some fine bunches of Grapes hanging from a vine thatwas trained along a high trellis, and did his best to reach them byjumping as high as he could into the air.","(0, 0)
(1, 0)
(2, 0)
(3, 1)
(4, 1)
(5, 1)
(7, 1)
(11, 1)",,"(0, 0)"
1.0,"The grapes seemedready to burst with juice, and the Fox's mouth watered as hegazed longingly at them.","(1, 0)","(1, -1)","But it was all in vain, forthey were just out of reach: so he gave up trying, and walked awaywith an air of dignity and unconcern, remarking, ""I thought thoseGrapes were ripe, but I see now they are quite sour.""",,,"(1, -1)"
2.0,"The bunch hung from a high branch, and the Fox had to jump forit.","(2, 0)","(2, -1)",,,,"(2, 0)"
3.0,The first time he jumped he missed it by a long way.,"(3, 0)","(3, 0)",,,,"(3, 1)"
4.0,"So hewalked off a short distance and took a running leap at it, onlyto fall short once more.","(4, 0)","(4, -1)",,,,"(4, 1)"
5.0,"Again and again he tried, but in vain.","(5, 1)","(5, -1)",,,,"(5, 1)"
6.0,Now he sat down and looked at the grapes in disgust.,"(6, -1)","(6, -1)",,,,"(6, -1)"
7.0,"""What a fool I am,"" he said.","(7, -1)","(7, -1)",,,,"(7, -1)"
8.0,"""Here I am wearing myself out to geta bunch of sour grapes that are not worth gaping for.","(8, 1)","(8, 1)",,,,"(8, 1)"
9.0,"""And off he walked very, very scornfully._There are many who pretend to despise and belittle that which isbeyond their reach._","(9, -1)","(9, -1)",,,,"(9, 1)"
