Unnamed: 0,sent1,manual_alignments,manual_alignments_1_1,sent2,chat_gpt_alignments,alignment_tool_alignments,2nd_manual_alignments
0.0,"A Fox fell into a well, and though it was not very deep, he foundthat he could not get out again.","(0, 0)","(0, 0)",A Fox fell into a well and was unable to get out again.,"(0, 0)
(1, 1)
(2, 2)
(3, 3)
(4, 4)
(5, 5)
(6, 7)
(7, 9)
(8, 10)
(10, 10)",,"(0, 0)"
1.0,"After he had been in the well along time, a thirsty Goat came by.","(1, 1)","(1, -1)","By and by athirsty Goat came by, and seeing the Fox in the well asked him if thewater was good.",,,"(1, 1)"
2.0,"The Goat thought the Fox hadgone down to drink, and so he asked if the water was good.","(2, 1)","(2, 1)","""Good?"" said the Fox, ""it's the best water I evertasted in all my life.",,,"(2, 1)"
3.0,"""The finest in the whole country,"" said the crafty Fox, ""jump inand try it.","(3, 2)","(3, 2)","Come down and try it yourself.""",,,"(3, 2)"
4.0,There is more than enough for both of us.,"(4, -1)","(4, -1)","The Goatthought of nothing but the prospect of quenching his thirst, andjumped in at once.",,,"(4, -1)"
5.0,"""The thirsty Goat immediately jumped in and began to drink.","(5, 4)","(5, 4)","When he had had enough to drink, he looked about,like the Fox, for some way of getting out, but could find none.",,,"(5, 4)"
6.0,TheFox just as quickly jumped on the Goat's back and leaped from thetip of the Goat's horns out of the well.,"(6, 9)","(6, 9)","Presently the Fox said, ""I have an idea.",,,"(6, 9)"
7.0,"The foolish Goat now saw what a plight he had got into, andbegged the Fox to help him out.","(7, 10)","(7, -1)","You stand on your hind legs,and plant your forelegs firmly against the side of the well, and thenI'll climb on to your back, and, from there, by stepping on yourhorns, I can get out.",,,"(7, 10)"
8.0,But the Fox was already on hisway to the woods.,"(8, 9)","(8, -1)","And when I'm out, I'll help you out too.""",,,"(8, -1)"
9.0,"""If you had as much sense as you have beard, old fellow,"" he saidas he ran, ""you would have been more cautious about finding a wayto get out again before you jumped in.""_Look","(9, 10)","(9, 10)","TheGoat did as he was requested, and the Fox climbed on to his back andso out of the well; and then he coolly walked away.",,,"(9, 10)"
10.0,before you leap._,"(10, 11)","(10, 11)","The Goat calledloudly after him and reminded him of his promise to help him out: butthe Fox merely turned and said, ""If you had as much sense in your headas you have hair in your beard you wouldn't have got into the wellwithout making certain that you could get out again.",,,"(10, 11)"
11.0,,,,"""Look before your leap.",,,
