Unnamed: 0,sent1,manual_alignments,manual_alignments_1_1,sent2,chat_gpt_alignments,alignment_tool_alignments,2nd_manual_alignments
0.0,"A Fox and a Leopard, resting lazily after a generous dinner, amused themselves by disputing about their good looks.","(0, 0)","(0, 0)",THE Fox and the Leopard once disputed who was the more beautiful.,"(0, 0)
(1, 1)
(2, 2)
(3, 2)
(8, 3)",,"(0, 0)"
1.0,"The Leopard was very proud of his glossy, spotted coat and made disdainful remarks about the Fox, whose appearance he declared was quite ordinary.  ","(1, 1)","(1, 1)","The Leopard exhibited, one by one, the various spots which covered his skin.",,,"(1, 1)"
2.0,"The Fox prided himself on his fine bushy tail with its tip of white, but he was wise enough to see that he could not rival the Leopard in looks.","(2, -1)","(2, -1)","The Fox, who was even more proud of his wits than of his person, interrupted him at last by saying: “Yet when all is said, how much more beautiful am I, who am decorated not simply in body but in mind.",,,"(2, -1)"
3.0,"Still he kept up a flow of sarcastic talk, just to exercise his wits and to have the fun of disputing.","(3, -1)","(3, -1)",The person should be of more value than his coat.,,,"(3, -1)"
4.0,"The Leopard was about to lose his temper when the Fox got up, yawning lazily.  ","(4, -1)","(4, -1)",,,,"(4, -1)"
5.0,"""You may have a very smart coat,"" he said, ""but you would be a great deal better off if you had a little more smartness inside your head and less on your ribs, the way I am.","(5, 2)","(5, 2)",,,,"(5, 2)"
6.0,"That's what I call real beauty.""  ","(6, -1)","(6, -1)",,,,"(6, -1)"
7.0,_,"(7, -1)","(7, -1)",,,,"(7, -1)"
8.0,A fine coat is not always an indication of an attractive mind.,"(8, 3)","(8, 3)",,,,"(8, -1)"
