Unnamed: 0,sent1,manual_alignments,manual_alignments_1_1,sent2,chat_gpt_alignments,alignment_tool_alignments
0.0,"THE first time the Fox saw the Lion, he was ready to die of fear.","(0, 0)","(0, 0)","A Fox who had never seen a Lion one day met one, and was so terrified at the sight of him that he was ready to die with fear.","(0, 0)
(1, 1)
(2, 2)",
1.0,The second time he took courage and could even bear to look upon him.,"(1, 1)","(1, 1)","After a time he met him again, and was still rather frightened, but not nearly so much as he had been when he met him first.",,
2.0,"The third time he had the impudence to come up to him, to salute him, and to enter into familiar conversation with him","(2, 2)","(2, 2)",But when he saw him for the third time he was so far from being afraid that he went up to him and began to talk to him as if he had known him all his life,,
