Unnamed: 0,sent1,manual_alignments,manual_alignments_1_1,sent2,chat_gpt_alignments,alignment_tool_alignments,2nd_manual_alignments
0.0,"A very young Fox, who had never before seen a Lion, happened tomeet one in the forest.","(0, 0)","(0, -1)","A Fox who had never seen a Lion one day met one, and was so terrifiedat the sight of him that he was ready to die with fear.","(0, 0)
(1, 1)
(2, 2)",,"(0, 0)"
1.0,A single look was enough to send the Foxoff at top speed for the nearest hiding place.,"(1, 0)","(1, 0)","After a timehe met him again, and was still rather frightened, but not nearly somuch as he had been when he met him first.",,,"(1, -1)"
2.0,The second time the Fox saw the Lion he stopped behind a tree tolook at him a moment before slinking away.,"(2, 1)","(2, 1)",But when he saw him for thethird time he was so far from being afraid that he went up to him andbegan to talk to him as if he had known him all his life.,,,"(2, 1)"
3.0,"But the third time,the Fox went boldly up to the Lion and, without turning a hair,said, ""Hello, there, old top.","(3, 2)","(3, 2)",,,,"(3, 2)"
4.0,"""_Familiarity breeds contempt.__Acquaintance with evil blinds us to its dangers._","(4, 2)","(4, -1)",,,,
