Unnamed: 0,sent1,manual_alignments,manual_alignments_1_1,sent2,chat_gpt_alignments,alignment_tool_alignments
0.0,"A Fox and a Leopard, resting lazily after a generous dinner, amused themselves by disputing about their good looks.","(0, 0)","(0, 0)","A Fox and a Leopard were disputing about their looks, and each claimed to be the more handsome of the two.","(0, 0)
(1, 0)
(2, 1)
(3, 2)
(5, 2)
(8, 2)",
1.0,"The Leopard was very proud of his glossy, spotted coat and made disdainful remarks about the Fox, whose appearance he declared was quite ordinary.  ","(1, 1)","(1, 1)","The Leopard said, ""Look at my smart coat; you have nothing to match that.""",,
2.0,"The Fox prided himself on his fine bushy tail with its tip of white, but he was wise enough to see that he could not rival the Leopard in looks.","(2, -1)","(2, -1)","But the Fox replied, ""Your coat may be smart, but my wits are smarter still.",,
3.0,"Still he kept up a flow of sarcastic talk, just to exercise his wits and to have the fun of disputing.","(3, -1)","(3, -1)",,,
4.0,"The Leopard was about to lose his temper when the Fox got up, yawning lazily.  ","(4, -1)","(4, -1)",,,
5.0,"""You may have a very smart coat,"" he said, ""but you would be a great deal better off if you had a little more smartness inside your head and less on your ribs, the way I am.","(5, 2)","(5, 2)",,,
6.0,"That's what I call real beauty.""  ","(6, -1)","(6, -1)",,,
7.0,_,"(7, -1)","(7, -1)",,,
8.0,A fine coat is not always an indication of an attractive mind.,"(8, -1)","(8, -1)",,,
