Unnamed: 0,sent1,manual_alignments,manual_alignments_1_1,sent2,chat_gpt_alignments,alignment_tool_alignments
0.0,A Fox had by some means got into the store-room of a theatre.,"(0, -1)","(0, -1)","A Fox with his foot on a Mask, Thus took the fair semblance to task;   ""You're a real handsome face;   But what part of your case Are your brains in, good Sir","(0, 0)
(1, 2)
(2, 0)",
1.0,Suddenly he observed a face glaring down on him and began to be very frightened; but looking more closely he found it was only a Mask such as actors use to put over their face.,"(1, 0)","(1, 0)","! let me ask?""  ",,
2.0,"“Ah,” said the Fox, “you look very fine; it is a pity you have not got any brains.”  ","(2, 0)","(2, -1)",MASKS ARE THE FACES OF SHAM,,
3.0,Outside show is a poor substitute for inner worth.,"(3, 2)","(3, 2)",,,
