Unnamed: 0,sent1,manual_alignments,manual_alignments_1_1,sent2,chat_gpt_alignments,alignment_tool_alignments
0.0,"The Fox one day thought of a plan to amuse himself at the expense of the Stork, at whose odd appearance he was always laughing.  ","(0, -1)","(0, -1)","A Fox invited a Stork to dinner, at which the only fare provided was a large flat dish of soup.","(0, 0)
(1, 0)
(2, 2)
(3, 1)
(4, 1)
(5, 3)",
1.0,"""You must come and dine with me today,"" he said to the Stork, smiling to himself at the trick he was going to play.","(1, 0)","(1, 0)","The Fox lapped it up with great relish, but the Stork with her long bill tried in vain to partake of the savoury broth.",,
2.0,The Stork gladly accepted the invitation and arrived in good time and with a very good appetite.,"(2, -1)","(2, -1)",Her evident distress caused the sly Fox much amusement.,,
3.0,For dinner the Fox served soup.,"(3, 1)","(3, -1)","But not long after the Stork invited him in turn, and set before him a pitcher with a long and narrow neck, into which she could get her bill with ease.",,
4.0,"But it was set out in a very shallow dish, and all the Stork could do was to wet the very tip of his bill.","(4, 1)","(4, 1)","Thus, while she enjoyed her dinner, the Fox sat by hungry and helpless, for it was impossible for him to reach the tempting contents of the vessel",,
5.0,Not a drop of soup could he get.,"(5, 1)","(5, -1)",,,
6.0,"But the Fox lapped it up easily, and, to increase the disappointment of the Stork, made a great show of enjoyment.","(6, 2)","(6, 2)",,,
