Unnamed: 0,sent1,manual_alignments,manual_alignments_1_1,sent2,chat_gpt_alignments,alignment_tool_alignments
0.0,At one time the Fox and the Stork were on visiting terms and seemed very good friends.,"(0, -1)","(0, -1)","The Fox poured out some rich soup upon a flat dish, tantalising the Stork, and making him look ridiculous, for the soup, being a liquid, foiled all the efforts of his slender beak.","(0, 0)
(1, 0)
(2, 0)
(3, 1)
(6, 1)
(8, 2)",
1.0,"So the Fox invited the Stork to dinner, and for a joke put nothing before her but some soup in a very shallow dish.","(1, 0)","(1, 0)","In return for this, when the Stork invited the Fox, he brought the dinner on the table in a jug with a long narrow neck, so that while he himself easily inserted his beak and took his fill, the Fox was unable to do the same, and so was properly paid off.  ",,
2.0,"This the Fox could easily lap up, but the Stork could only wet the end of her long bill in it, and left the meal as hungry as when she began.","(2, -1)","(2, -1)","[Illustration: ""Frame 1: ""With Mr Fox's respects & many happy returns of the day"" Frame 2: ""With Mrs Stork's kind regards and the compliments of the season""",,
3.0,"“I am sorry,” said the Fox, “the soup is not to your liking.”  ","(3, -1)","(3, -1)",,,
4.0,"“Pray do not apologise,” said the Stork.","(4, -1)","(4, -1)",,,
5.0,"“I hope you will return this visit, and come and dine with me soon.”","(5, -1)","(5, -1)",,,
6.0,"So a day was appointed when the Fox should visit the Stork; but when they were seated at table all that was for their dinner was contained in a very long-necked jar with a narrow mouth, in which the Fox could not insert his snout, so all he could manage to do was to lick the outside of the jar.  ","(6, 1)","(6, 1)",,,
7.0,"“I will not apologise for the dinner,” said the Stork:  ","(7, -1)","(7, -1)",,,
8.0,“One bad turn deserves another.,"(8, -1)","(8, -1)",,,
