Unnamed: 0,sent1,manual_alignments,manual_alignments_1_1,sent2,chat_gpt_alignments,alignment_tool_alignments
0.0,"A fox once fell into a trap, and after a struggle managed to get free, but with the loss of his brush.","(0, 0)","(0, 0)","A Fox had had his tail docked off in a trap, and in his disgrace began to think his life not worth living.","(0, 0)
(1, 1)
(2, 2)
(3, 3)",
1.0,"He was then so much ashamed of his appearance that he thought life was not worth living unless he could persuade the other Foxes to part with their tails also, and thus divert attention from his own loss.","(1, 1)","(1, 1)","It therefore occurred to him that the best thing he could do was to bring the other Foxes into the same condition, and so conceal his own deficiency in the general distress.",,
2.0,"So he called a meeting of all the Foxes, and advised them to cut off their tails: ""They're ugly things anyhow,"" he said, ""and besides they're heavy, and it's tiresome to be always carrying them about with you.""","(2, 2)","(2, 2)","Having assembled them all together he recommended them to cut off their tails, declaring that a tail was an ungraceful thing; and, further, was a heavy appendage, and quite superfluous.",,
3.0,"But one of the other Foxes said, ""My friend, if you hadn't lost your own tail, you wouldn't be so keen on getting us to cut off ours.","(3, 3)","(3, 3)","To this one of them rejoined: ""My good friend, if this had not been to your own advantage you would never have advised us to do it.""  ",,
4.0,,,,"[Illustration: ""Nonsense, my dears!",,
5.0,,,,"Husbands are ridiculous things & are quite unnecessary!""",,
