Unnamed: 0,sent1,manual_alignments,manual_alignments_1_1,sent2,chat_gpt_alignments,alignment_tool_alignments
0.0,"It happened that a Fox caught its tail in a trap, and in struggling to release himself lost all of it but the stump.","(0, 0)","(0, 0)","A Fox had had his tail docked off in a trap, and in his disgrace began to think his life not worth living.","(0, 0)
(1, 1)
(3, 2)
(4, 3)
(6, 3)",
1.0,At first he was ashamed to show himself among his fellow foxes.,"(1, 0)","(1, -1)","It therefore occurred to him that the best thing he could do was to bring the other Foxes into the same condition, and so conceal his own deficiency in the general distress.",,
2.0,"But at last he determined to put a bolder face upon his misfortune, and summoned all the foxes to a general meeting to consider a proposal which he had to place before them.","(2, 1)","(2, 1)","Having assembled them all together he recommended them to cut off their tails, declaring that a tail was an ungraceful thing; and, further, was a heavy appendage, and quite superfluous.",,
3.0,When they had assembled together the Fox proposed that they should all do away with their tails.,"(3, 2)","(3, 2)","To this one of them rejoined: ""My good friend, if this had not been to your own advantage you would never have advised us to do it.""  ",,
4.0,"He pointed out how inconvenient a tail was when they were pursued by their enemies, the dogs; how much it was in the way when they desired to sit down and hold a friendly conversation with one another.","(4, 2)","(4, -1)","[Illustration: ""Nonsense, my dears!",,
5.0,He failed to see any advantage in carrying about such a useless encumbrance.,"(5, 2)","(5, -1)","Husbands are ridiculous things & are quite unnecessary!""",,
6.0,"“That is all very well,” said one of the older foxes; “but I do not think you would have recommended us to dispense with our chief ornament if you had not happened to lose it yourself.”  ","(6, 3)","(6, 3)",,,
7.0,Distrust interested advice,"(7, -1)","(7, -1)",,,
