Unnamed: 0,sent1,manual_alignments,manual_alignments_1_1,sent2,chat_gpt_alignments,alignment_tool_alignments
0.0,The Frogs were living as happy as could be in a marshy swamp that just suited them; they went splashing about caring for nobody and nobody troubling with them.,"(0, 0)","(0, -1)","The Frogs were grieved at their own lawless condition, so they sent a deputation to Zeus begging him to provide them with a King.","(0, 0)
(1, 0)
(2, 1)
(3, 2)
(4, 3)
(6, 3)
(8, 4)",
1.0,"But some of them thought that this was not right, that they should have a king and a proper constitution, so they determined to send up a petition to Jove to give them what they wanted.","(1, 0)","(1, 0)","Zeus, perceiving their simplicity, dropped a Log of wood into the pool.",,
2.0,"“Mighty Jove,” they cried, “send unto us a king that will rule over us and keep us in order.”","(2, -1)","(2, -1)","At first the Frogs were terrified by the splash, and dived to the bottom; but after a while, seeing the Log remain motionless, they came up again, and got to despise it so much that they climbed up and sat on it.",,
3.0,"Jove laughed at their croaking, and threw down into the swamp a huge Log, which came down splashing into the swamp.","(3, 1)","(3, 1)","Dissatisfied with a King like that, they came again to Zeus and entreated him to change their ruler for them, the first being altogether too torpid.",,
4.0,"The Frogs were frightened out of their lives by the commotion made in their midst, and all rushed to the bank to look at the horrible monster; but after a time, seeing that it did not move, one or two of the boldest of them ventured out towards the Log, and even dared to touch it; still it did not move.","(4, 2)","(4, 2)","Then Zeus was exasperated with them, and sent them a Stork, by whom they were seized and eaten up",,
5.0,"Then the greatest hero of the Frogs jumped upon the Log and commenced dancing up and down upon it, thereupon all the Frogs came and did the same; and for some time the Frogs went about their business every day without taking the slightest notice of their new King Log lying in their midst.","(5, 2)","(5, -1)",,,
6.0,"But this did not suit them, so they sent another petition to Jove, and said to him, “We want a real king; one that will really rule over us.”","(6, 3)","(6, 3)",,,
7.0,"Now this made Jove angry, so he sent among them a big Stork that soon set to work gobbling them all up.","(7, 4)","(7, 4)",,,
8.0,Then the Frogs repented when too late.,"(8, -1)","(8, -1)",,,
9.0,Better no rule than cruel rule,"(9, -1)","(9, -1)",,,
