Unnamed: 0,sent1,manual_alignments,manual_alignments_1_1,sent2,chat_gpt_alignments,alignment_tool_alignments,2nd_manual_alignments
0.0,A Gnat flew over the meadow with much buzzing for so small acreature and settled on the tip of one of the horns of a Bull.,"(0, 0)","(0, 0)","A Gnat alighted on one of the horns of a Bull, and remained sittingthere for a considerable time.","(0, 0)
(1, 1)
(2, 1)
(4, 2)
(6, 3)
(9, 3)",,"(0, 0)"
1.0,"After he had rested a short time, he made ready to fly away.","(1, 1)","(1, 1)","When it had rested sufficiently and wasabout to fly away, it said to the Bull, ""Do you mind if I go now?""",,,"(1, 1)"
2.0,Butbefore he left he begged the Bull's pardon for having used hishorn for a resting place.,"(2, -1)","(2, -1)","TheBull merely raised his eyes and remarked, without interest, ""It's allone to me; I didn't notice when you came, and I shan't know when yougo away.",,,"(2, 1)"
3.0,"""You must be very glad to have me go now,"" he said.","(3, 1)","(3, -1)","""We may often be of more consequence in our own eyes than in theeyes of our neighbours.",,,"(3, 1)"
4.0,"""It's all the same to me,"" replied the Bull.","(4, 2)","(4, -1)",,,,"(4, 2)"
5.0,"""I did not even knowyou were there.","(5, 2)","(5, 2)",,,,"(5, 2)"
6.0,"""_We are often of greater importance in our own eyes than in theeyes of our neighbor.__The smaller the mind the greater the conceit._","(6, 3)","(6, 3)",,,,"(6, 3)"
