Unnamed: 0,sent1,manual_alignments,manual_alignments_1_1,sent2,chat_gpt_alignments,alignment_tool_alignments
0.0,A Gnat flew over the meadow with much buzzing for so small a creature and settled on the tip of one of the horns of a Bull.,"(0, 0)","(0, 0)","A GNAT, who had flown about until he was tired, sat down to rest on the horn of a Bull.  ","(0, 0)
(1, 1)
(2, 2)
(3, 4)
(5, 5)",
1.0,"After he had rested a short time, he made ready to fly away.","(1, 1)","(1, 1)","After sitting there a long time, he thought he would go home.",,
2.0,But before he left he begged the Bull's pardon for having used his horn for a resting place.,"(2, 2)","(2, 2)","So he made a loud buzzing noise and said to the Bull, “Would you like to have me stay longer, or shall I go now?”  ",,
3.0,"""You must be very glad to have me go now,"" he said.  ","(3, -1)","(3, -1)","“Just as you please,” said the Bull.",,
4.0,"""It's all the same to me,"" replied the Bull.","(4, 3)","(4, 3)","“I did not know when you came, and I am sure I shall not miss you when you go away.”  ",,
5.0,"""I did not even know you were there.""  ","(5, 4)","(5, 4)","“What an amount of self-importance for such a tiny creature,” thought the sleepy Bull",,
6.0,_We are often of greater importance in our own eyes than in the eyes of our neighbor.,"(6, 5)","(6, 5)",,,
7.0,_,"(7, -1)","(7, -1)",,,
8.0,_,"(8, -1)","(8, -1)",,,
9.0,The smaller the mind the greater the conceit.,"(9, -1)","(9, -1)",,,
