Unnamed: 0,sent1,manual_alignments,manual_alignments_1_1,sent2,chat_gpt_alignments,alignment_tool_alignments
0.0,"One cold stormy day a Goatherd drove his Goats for shelter into a cave, where a number of Wild Goats had also found their way.","(0, 0)","(0, 0)",A Goatherd was tending his goats out at pasture when he saw a number of Wild Goats approach and mingle with his flock.,"(0, 0)
(1, 0)
(3, 4)
(4, 5)
(5, 8)
(7, 9)",
1.0,The Shepherd wanted to make the Wild Goats part of his flock; so he fed them well.,"(1, 1)","(1, 1)",At the end of the day he drove them home and put them all into the pen together.,,
2.0,"But to his own flock, he gave only just enough food to keep them alive.","(2, 3)","(2, 3)","Next day the weather was so bad that he could not take them out as usual: so he kept them at home in the pen, and fed them there.",,
3.0,"When the weather cleared, and the Shepherd led the Goats out to feed, the Wild Goats scampered off to the hills.  ","(3, 4)","(3, 4)","He only gave his own goats enough food to keep them from starving, but he gave the Wild Goats as much as they could eat and more; for he was very anxious for them to stay, and he thought that if he fed them well they wouldn't want to leave him.",,
4.0,"""Is that the thanks I get for feeding you and treating you so well?"" complained the Shepherd.  ","(4, 7)","(4, 7)","When the weather improved, he took them all out to pasture again; but no sooner had they got near the hills than the Wild Goats broke away from the flock and scampered off.",,
5.0,"""Do not expect us to join your flock,"" replied one of the Wild Goats.","(5, -1)","(5, -1)","The Goatherd was very much disgusted at this, and roundly abused them for their ingratitude.",,
6.0,"""We know how you would treat us later on, if some strangers should come as we did.""  ","(6, 9)","(6, 9)","""Rascals!""",,
7.0,_It is unwise to treat old friends badly for the sake of new ones.,"(7, 9)","(7, -1)","he cried, ""to run away like that after the way I've treated you!""",,
8.0,,,,"Hearing this, one of them turned round and said, ""Oh, yes, you treated us all right--too well, in fact; it was just that that put us on our guard.",,
9.0,,,,"If you treat newcomers like ourselves so much better than your own flock, it's more than likely that, if another lot of strange goats joined yours, _we_ should then be neglected in favour of the last comers.",,
