Unnamed: 0,sent1,manual_alignments,manual_alignments_1_1,sent2,chat_gpt_alignments,alignment_tool_alignments,2nd_manual_alignments
0.0,A CERTAIN man had the good fortune to possess a Goose which laid him a Golden Egg each day of the year.,"(0, 0)","(0, 0)",One day a countryman going to the nest of his Goose found there an egg all yellow and glittering.,"(0, 0)
(1, 4)
(2, 5)
(3, 3)",,"(0, 3)"
1.0,"For a while the man rejoiced in his daily gain, but becoming impatient with so slow an income, he killed the Goose, to get all at once the gold which he thought was inside her.","(1, 4)","(1, 4)","When he took it up it was as heavy as lead and he was going to throw it away, because he thought a trick had been played upon him.",,,"(1, 4)"
2.0,"When he had laid her open, he found that she was exactly like all other geese.  ","(2, -1)","(2, -1)","But he took it home on second thoughts, and soon found to his delight that it was an egg of pure gold.",,,"(2, 4)"
3.0,"Wanting more, he lost all.","(3, -1)","(3, -1)","Every morning the same thing occurred, and he soon became rich by selling his eggs.",,,"(3, -1)"
4.0,,,,"As he grew rich he grew greedy; and thinking to get at once all the gold the Goose could give, he killed it and opened it only to find nothing.  ",,,
5.0,,,,Greed oft o’er reaches itself.,,,
