Unnamed: 0,sent1,manual_alignments,manual_alignments_1_1,sent2,chat_gpt_alignments,alignment_tool_alignments
0.0,A Hare was one day making fun of a Tortoise for being so slow upon his feet.,"(0, -1)","(0, -1)",The Hare was once boasting of his speed before the other animals.,"(0, 0)
(1, 2)
(2, 6)
(3, 9)
(4, 10)
(6, 10)",
1.0,"""Wait a bit,"" said the Tortoise; ""I'll run a race with you, and I'll wager that I win.""","(1, 3)","(1, 3)","“I have never yet been beaten,” said he, “when I put forth my full speed.",,
2.0,"""Oh, well,"" replied the Hare, who was much amused at the idea, ""let's try and see""; and it was soon agreed that the fox should set a course for them, and be the judge.","(2, 4)","(2, 4)",I challenge any one here to race with me.”,,
3.0,"When the time came both started off together, but the Hare was soon so far ahead that he thought he might as well have a rest: so down he lay and fell fast asleep.","(3, 8)","(3, 8)","The Tortoise said quietly, “I accept your challenge.”  ",,
4.0,"Meanwhile the Tortoise kept plodding on, and in time reached the goal.","(4, 9)","(4, 9)","“That is a good joke,” said the Hare; “I could dance round you all the way.”  ",,
5.0,"At last the Hare woke up with a start, and dashed on at his fastest, but only to find that the Tortoise had already won the race.  ","(5, 9)","(5, 9)","“Keep your boasting till you’ve beaten,” answered the Tortoise.",,
6.0,Slow and steady wins the race.,"(6, 10)","(6, 10)",“Shall we race?”,,
7.0,,"(7, -1)","(7, -1)",So a course was fixed and a start was made.,,
8.0,,"(8, -1)","(8, -1)","The Hare darted almost out of sight at once, but soon stopped and, to show his contempt for the Tortoise, lay down to have a nap.",,
9.0,,"(9, -1)","(9, -1)","The Tortoise plodded on and plodded on, and when the Hare awoke from his nap, he saw the Tortoise just near the winning-post and could not run up in time to save the race.",,
10.0,,"(10, -1)","(10, -1)",Then said the Tortoise:  “Plodding wins the race.”,,
