Unnamed: 0,sent1,manual_alignments,manual_alignments_1_1,sent2,chat_gpt_alignments,alignment_tool_alignments,2nd_manual_alignments
0.0,"A HOUND, having started a Hare which proved to be a capital runner, at length gave up the chase.","(0, 0)","(0, 0)","A Hound started a Hare from her form, and pursued her for some distance; but as she gradually gained upon him, he gave up the chase.","(0, 0)
(1, 2)
(2, 3)
(3, 3)",,"(0, 0)"
1.0,"His master, seeing it, said, “The little one is the best runner, eh?”  ","(1, -1)","(1, -1)","A rustic who had seen the race met the Hound as he was returning, and taunted him with his defeat.",,,"(1, 2)"
2.0,"“Ah, Master,” answered the Dog, “it’s all very well to laugh; but you do not see the difference between us.","(2, -1)","(2, -1)","""The little one was too much for you,"" said he.",,,"(2, -1)"
3.0,"He was running for his life, while I was only running for my dinner.","(3, 3)","(3, 3)","""Ah, well,"" said the Hound, ""don't forget it's one thing to be running for your dinner, but quite another to be running for your life.",,,"(3, 3)"
