Unnamed: 0,sent1,manual_alignments,manual_alignments_1_1,sent2,chat_gpt_alignments,alignment_tool_alignments
0.0,"Hares, as you know, are very timid.","(0, -1)","(0, -1)","The Hares once gathered together and lamented the unhappiness of their lot, exposed as they were to dangers on all sides and lacking the strength and the courage to hold their own.","(0, 0)
(1, 0)
(2, 1)
(3, 3)
(4, 3)
(5, 3)
(6, 4)
(8, 4)",
1.0,"The least shadow, sends them scurrying in fright to a hiding place.","(1, -1)","(1, -1)","Men, dogs, birds and beasts of prey were all their enemies, and killed and devoured them daily: and sooner than endure such persecution any longer, they one and all determined to end their miserable lives.",,
2.0,Once they decided to die rather than live in such misery.,"(2, 0)","(2, 0)","Thus resolved and desperate, they rushed in a body towards a neighbouring pool, intending to drown themselves.",,
3.0,"But while they were debating how best to meet death, they thought they heard a noise and in a flash were scampering off to the warren.","(3, -1)","(3, -1)","On the bank were sitting a number of Frogs, who, when they heard the noise of the Hares as they ran, with one accord leaped into the water and hid themselves in the depths.",,
4.0,On the way they passed a pond where a family of Frogs was sitting among the reeds on the bank.,"(4, 2)","(4, 2)","Then one of the older Hares who was wiser than the rest cried out to his companions, ""Stop, my friends, take heart; don't let us destroy ourselves after all: see, here are creatures who are afraid of us, and who must, therefore, be still more timid than ourselves.",,
5.0,In an instant the startled Frogs were seeking safety in the mud.,"(5, 3)","(5, 3)",,,
6.0,"""Look,"" cried a Hare, ""things are not so bad after all, for here are creatures who are even afraid of us!""  ","(6, 4)","(6, 4)",,,
7.0,_,"(7, -1)","(7, -1)",,,
8.0,However unfortunate we may think we are there is always someone worse off than ourselves.,"(8, 4)","(8, -1)",,,
