Unnamed: 0,sent1,manual_alignments,manual_alignments_1_1,sent2,chat_gpt_alignments,alignment_tool_alignments
0.0,"Hares, as you know, are very timid.","(0, -1)","(0, -1)","IN DESPERATION over the hard times they had on account of their many enemies, the Hares came together and, after rehearsing their situation, came to the sad conclusion that nothing was left to them but to drown themselves as the most miserable and unfortunate of creatures.","(0, 0)
(1, 0)
(2, 2)
(4, 2)
(6, 4)
(8, 4)",
1.0,"The least shadow, sends them scurrying in fright to a hiding place.","(1, 0)","(1, -1)",They repaired to a pond to throw themselves off a rock into the water and thus make an end of their troubles.,,
2.0,Once they decided to die rather than live in such misery.,"(2, 0)","(2, 0)","A shoal of frogs were sitting around the edge of the pond, and at the approach of the Hares they were startled, and with the greatest confusion jumped into the water.",,
3.0,"But while they were debating how best to meet death, they thought they heard a noise and in a flash were scampering off to the warren.","(3, -1)","(3, -1)","Whereupon the foremost of the Hares said to his fellows: “Nay, then, friends, our case may not be as desperate as we thought.",,
4.0,On the way they passed a pond where a family of Frogs was sitting among the reeds on the bank.,"(4, 1)","(4, 1)",Here are other creatures more faint-hearted than are we.,,
5.0,In an instant the startled Frogs were seeking safety in the mud.,"(5, -1)","(5, -1)",,,
6.0,"""Look,"" cried a Hare, ""things are not so bad after all, for here are creatures who are even afraid of us!""  ","(6, 4)","(6, 4)",,,
7.0,_,"(7, -1)","(7, -1)",,,
8.0,However unfortunate we may think we are there is always someone worse off than ourselves.,"(8, -1)","(8, -1)",,,
