Unnamed: 0,sent1,manual_alignments,manual_alignments_1_1,sent2,chat_gpt_alignments,alignment_tool_alignments
0.0,"A HARE one day made himself merry over the slow pace of the Tortoise, vainly boasting of his own great speed in running.  ","(0, 0)","(0, 0)",A Hare was one day making fun of a Tortoise for being so slow upon his feet.,"(0, 0)
(1, 1)
(2, 2)
(3, 3)
(4, 5)
(5, 6)
(6, 12)
(7, 4)
(8, 3)
(9, 4)
(10, 5)
(11, 12)
(12, 6)",
1.0,The Tortoise took the laughing and boasting in good part.,"(1, 1)","(1, 1)","""Wait a bit,"" said the Tortoise; ""I'll run a race with you, and I'll wager that I win.""",,
2.0,"“Let us try a race,” she said; “I will run with you five miles for five dollars, and the Fox out yonder shall be the judge.”  ","(2, 2)","(2, 2)","""Oh, well,"" replied the Hare, who was much amused at the idea, ""let's try and see""; and it was soon agreed that the fox should set a course for them, and be the judge.",,
3.0,"The Hare agreed, a course was arranged, and away they started together.","(3, 2)","(3, -1)","When the time came both started off together, but the Hare was soon so far ahead that he thought he might as well have a rest: so down he lay and fell fast asleep.",,
4.0,True to his boasting the Hare was out of sight in a moment.,"(4, 3)","(4, 3)","Meanwhile the Tortoise kept plodding on, and in time reached the goal.",,
5.0,"The Tortoise never for a moment stopped, but jogged along with a slow, steady pace, straight to the end of the course.","(5, 4)","(5, 4)","At last the Hare woke up with a start, and dashed on at his fastest, but only to find that the Tortoise had already won the race.  ",,
6.0,"Full of sport, the Hare first outran the Tortoise, then fell behind.","(6, -1)","(6, -1)",Slow and steady wins the race.,,
7.0,"Having come midway to the goal, he began to nibble at the young herbage, and to amuse himself in many ways.","(7, -1)","(7, -1)",,,
8.0,"After a while, the day being warm, he lay down for a nap, saying: “She is behind me now.","(8, -1)","(8, -1)",,,
9.0,"If she should go by, I can easily enough catch up.”  ","(9, -1)","(9, -1)",,,
10.0,"When the Hare awoke, the Tortoise was not in sight; and running as fast as he could, he found her comfortably dozing at their goal.  ","(10, 5)","(10, 5)",,,
11.0,Those who are very quick are apt to be too sure.,"(11, -1)","(11, -1)",,,
12.0,Slow and steady often wins the race.,"(12, 6)","(12, 6)",,,
