Unnamed: 0,sent1,manual_alignments,manual_alignments_1_1,sent2,chat_gpt_alignments,alignment_tool_alignments
0.0,A Waggoner was once driving a heavy load along a very muddy way.,"(0, -1)","(0, -1)","When the God saw the Waggoner kneel, Crying, ""Hercules!","(0, 0)
(1, 1)
(2, 2)
(3, 3)
(5, 3)",
1.0,"At last he came to a part of the road where the wheels sank half-way into the mire, and the more the horses pulled, the deeper sank the wheels.","(1, -1)","(1, -1)","Lift me my wheel   From the mud, where 'tis stuck!""   ",,
2.0,"So the Waggoner threw down his whip, and knelt down and prayed to Hercules the Strong.","(2, -1)","(2, -1)","He laughed--""No such luck; Set your shoulder yourself to the wheel.""  ",,
3.0,"“O Hercules, help me in this my hour of distress,” quoth he.","(3, 0)","(3, 0)",THE GODS HELP THOSE WHO HELP THEMSELVE,,
4.0,"But Hercules appeared to him, and said:  “Tut, man, don’t sprawl there.","(4, -1)","(4, -1)",,,
5.0,Get up and put your shoulder to the wheel.”,"(5, 2)","(5, 2)",,,
6.0,The gods help them that help themselves,"(6, 3)","(6, 3)",,,
