Unnamed: 0,sent1,manual_alignments,manual_alignments_1_1,sent2,chat_gpt_alignments,alignment_tool_alignments
0.0,A Farmer was driving his wagon along a miry country road after a heavy rain.,"(0, 0)","(0, -1)","AS A WAGONER drove his wagon through a miry lane, the wheels stuck fast in the clay, so that the horses could proceed no further.  ","(0, 0)
(1, 1)
(2, 2)
(3, 3)
(4, 2)
(5, 4)
(6, 4)
(7, 5)
(8, 5)
(10, 5)",
1.0,"The horses could hardly drag the load through the deep mud, and at last came to a standstill when one of the wheels sank to the hub in a rut.  ","(1, 0)","(1, 0)","The Man, without making the least effort to remedy the matter, fell upon his knees and began to call upon Hercules to come and help him out of his trouble.  ",,
2.0,The farmer climbed down from his seat and stood beside the wagon looking at it but without making the least effort to get it out of the rut.,"(2, -1)","(2, -1)","“Lazy fellow,” said Hercules, “lay your own shoulder to the wheel.",,
3.0,All he did was to curse his bad luck and call loudly on Hercules to come to his aid.,"(3, 1)","(3, 1)",Stir yourself and do what you can.,,
4.0,"Then, it is said, Hercules really did appear, saying:  ""Put your shoulder to the wheel, man, and urge on your horses.","(4, 2)","(4, 2)","Then, if you want aid from the gods, you shall have it.",,
5.0,Do you think you can move the wagon by simply looking at it and whining about it?,"(5, -1)","(5, -1)","Remember the proverb, Heaven helps those who help themselves.",,
6.0,"Hercules will not help unless you make some effort to help yourself.""  ","(6, 4)","(6, 4)",,,
7.0,"And when the farmer put his shoulder to the wheel and urged on the horses, the wagon moved very readily, and soon the Farmer was riding along in great content and with a good lesson learned.  ","(7, -1)","(7, -1)",,,
8.0,_Self help is the best help.,"(8, -1)","(8, -1)",,,
9.0,_,"(9, -1)","(9, -1)",,,
10.0,_Heaven helps those who help themselves.,"(10, 5)","(10, 5)",,,
