Unnamed: 0,sent1,manual_alignments,manual_alignments_1_1,sent2,chat_gpt_alignments,alignment_tool_alignments
0.0,A CAVALRY officer took the greatest of pains with his charger.,"(0, -1)","(0, -1)","A Young Man, who fancied himself something of a horseman, mounted a Horse which had not been properly broken in, and was exceedingly difficult to control.","(0, 0)
(1, 1)
(3, 0)
(4, 0)
(7, 2)",
1.0,"As long as the war lasted, the Horse was looked upon as a companion and fellow helper.","(1, -1)","(1, -1)","No sooner did the Horse feel his weight in the saddle than he bolted, and nothing would stop him.",,
2.0,"He was carefully groomed every day, and fed with hay and oats.  ","(2, -1)","(2, -1)","A friend of the Rider's met him in the road in his headlong career, and called out, ""Where are you off to in such a hurry?""",,
3.0,"But when the war was over, the allowance of grain and hay ceased, and the Horse was fed with chaff and whatever he might find by the wayside.","(3, -1)","(3, -1)","To which he, pointing to the Horse, replied, ""I've no idea: ask him.",,
4.0,"He was made a drudge too, and was often forced to carry loads much too heavy for his strength.  ","(4, -1)","(4, -1)",,,
5.0,"When, in course of time, war was again proclaimed, the soldier brought his military trappings and put them on his charger; and, after having arrayed his own person with his heavy coat of mail, he mounted to ride to battle.  ","(5, -1)","(5, -1)",,,
6.0,"But the Horse, no longer equal to the burden, fell down straightway under the weight.  ","(6, -1)","(6, -1)",,,
7.0,"“You must go to the war on foot,” he said to his master, “for you have transformed me from a horse into an ass.”  ","(7, -1)","(7, -1)",,,
8.0,He who slights his friends when he does not need their best offices must not expect them to serve him when he needs them again,"(8, -1)","(8, -1)",,,
