Unnamed: 0,sent1,manual_alignments,manual_alignments_1_1,sent2,chat_gpt_alignments,alignment_tool_alignments,2nd_manual_alignments
0.0," A HORSE once had the whole range of a meadow to himself; but when a Stag came and threatened to damage the pasture, the Horse asked a Man to assist him in ridding him of the Stag.","(0, 0)","(0, 0)",There was once a Horse who used to graze in a meadow which he had all to himself.,"(0, 0)
(2, 3)
(3, 4)
(4, 4)",,"(0, 2)"
1.0,"“I will,” said the Man, “if you will let me put a bit in your mouth and get upon your back so as to go and find weapons.”","(1, 3)","(1, 3)","But one day a Stag came into the meadow, and said he had as good a right to feed there as the Horse, and moreover chose all the best places for himself.",,,"(1, 2)"
2.0,"The Horse consented, and the Man accordingly mounted.","(2, 4)","(2, 4)","The Horse, wishing to be revenged upon his unwelcome visitor, went to a man and asked if he would help him to turn out the Stag.",,,"(2, 4)"
3.0,"But instead of being revenged on the Stag, the Horse has been from that time the slave of Man.  ","(3, -1)","(3, -1)","""Yes,"" said the man, ""I will by all means; but I can only do so if you let me put a bridle in your mouth and mount on your back.""",,,"(3, 4)"
4.0,Revenge is dearly punished at the price of liberty,"(4, -1)","(4, -1)","The Horse agreed to this, and the two together very soon turned the Stag out of the pasture: but when that was done, the Horse found to his dismay that in the man he had got a master for good",,,"(4, -1)"
