Unnamed: 0,sent1,manual_alignments,manual_alignments_1_1,sent2,chat_gpt_alignments,alignment_tool_alignments
0.0,There was once a Horse who used to graze in a meadow which he had all to himself.,"(0, -1)","(0, -1)",There was a Horse who had a meadow all to himself until a Stag came and began to injure the pasture.,"(0, 0)
(1, 1)
(2, 2)
(3, 3)",
1.0,"But one day a Stag came into the meadow, and said he had as good a right to feed there as the Horse, and moreover chose all the best places for himself.","(1, 0)","(1, 0)","The Horse, eager to punish the Stag, asked a man whether there was any way of combining to do this.",,
2.0,"The Horse, wishing to be revenged upon his unwelcome visitor, went to a man and asked if he would help him to turn out the Stag.","(2, 1)","(2, 1)","""Certainly,"" said the Man, ""if you don't object to a bridle and to my mounting you with javelins in my hand.""",,
3.0,"""Yes,"" said the man, ""I will by all means; but I can only do so if you let me put a bridle in your mouth and mount on your back.""","(3, 2)","(3, 2)","The Horse agreed, and was mounted by the Man; but, instead of being revenged on the Stag, he himself became a servant to the Man.",,
4.0,"The Horse agreed to this, and the two together very soon turned the Stag out of the pasture: but when that was done, the Horse found to his dismay that in the man he had got a master for good","(4, 3)","(4, 3)",,,
