Unnamed: 0,sent1,manual_alignments,manual_alignments_1_1,sent2,chat_gpt_alignments,alignment_tool_alignments
0.0,"A Horse, proud of his fine harness, met an Ass on the high-road.","(0, 0)","(0, -1)","A Horse and an Ass were travelling together, the Horse prancing along in its fine trappings, the Ass carrying with difficulty the heavy weight in its panniers.","(0, 0)
(1, 1)
(3, 3)
(4, 4)


",
1.0,"As the Ass with his heavy burden moved slowly out of the way to let him pass, the Horse cried out impatiently that he could hardly resist kicking him to make him move faster.","(1, 0)","(1, 0)","“I wish I were you,” sighed the Ass; “nothing to do and well fed, and all that fine harness upon you.”",,
2.0,"The Ass held his peace, but did not forget the other's insolence.","(2, 1)","(2, 1)","Next day, however, there was a great battle, and the Horse was wounded to death in the final charge of the day.",,
3.0,"Not long afterwards the Horse became broken-winded, and was sold by his owner to a farmer.","(3, 2)","(3, 2)","His friend, the Ass, happened to pass by shortly afterwards and found him on the point of death.",,
4.0,"One day, as he was drawing a dung-cart, he met the Ass again, who in turn derided him and said, ""Aha!","(4, 3)","(4, 3)","“I was wrong,” said the Ass:  “Better humble security than gilded danger.",,
5.0,"you never thought to come to this, did you, you who were so proud!","(5, -1)","(5, -1)",,,
6.0,"Where are all your gay trappings now?""","(6, -1)","(6, -1)",,,
