Unnamed: 0,sent1,manual_alignments,manual_alignments_1_1,sent2,chat_gpt_alignments,alignment_tool_alignments
0.0,A frisky young Kid had been left by the herdsman on the thatchedroof of a sheep shelter to keep him out of harm's way.,"(0, -1)","(0, -1)",A Kid strayed from the flock and was chased by a Wolf.,"(0, 0)
(1, 1)
(4, 6)",,
1.0,"The Kidwas browsing near the edge of the roof, when he spied a Wolf andbegan to jeer at him, making faces and abusing him to his heart'scontent.","(1, -1)","(1, -1)","When he saw hemust be caught he turned round and said to the Wolf, ""I know, sir,that I can't escape being eaten by you: and so, as my life is bound tobe short, I pray you let it be as merry as may be.",,,
2.0,"""I hear you,"" said the Wolf, ""and I haven't the least grudgeagainst you for what you say or do.","(2, -1)","(2, -1)","Will you not playme a tune to dance to before I die?""",,,
3.0,"When you are up there it isthe roof that's talking, not you.""_Do not say anything at any time that you would not say at alltimes._","(3, -1)","(3, -1)","The Wolf saw no objection tohaving some music before his dinner: so he took out his pipe and beganto play, while the Kid danced before him.",,,
4.0,,,,Before many minutes werepassed the gods who guarded the flock heard the sound and came up tosee what was going on.,,,
5.0,,,,They no sooner clapped eyes on the Wolf thanthey gave chase and drove him away.,,,
6.0,,,,"As he ran off, he turned andsaid to the Kid, ""It's what I thoroughly deserve: my trade is thebutcher's, and I had no business to turn piper to please you.""",,,
