Unnamed: 0,sent1,manual_alignments,manual_alignments_1_1,sent2,chat_gpt_alignments,alignment_tool_alignments
0.0,A KID coming home alone one night met a big Wolf.,"(0, 0)","(0, 0)",A Kid strayed from the flock and was chased by a Wolf.,"(0, 0)
(1, 2)
(2, 3)
(3, 4)
(4, 5)
(5, 6)
(8, 6)",
1.0,"“Oh, oh, I know you will kill me,” said the little Kid; “but please play me a tune, so that I may have one more dance before I die; I am so fond of dancing.”  ","(1, 1)","(1, 1)","When he saw he must be caught he turned round and said to the Wolf, ""I know, sir, that I can't escape being eaten by you: and so, as my life is bound to be short, I pray you let it be as merry as may be.",,
2.0,"“Very well,” said the Wolf, “I will try, for I should like to see you dance before I eat you.”  ","(2, 2)","(2, 2)","Will you not play me a tune to dance to before I die?""",,
3.0,"Then the Wolf took up the shepherd’s pipe that was lying near, and began to play.","(3, 3)","(3, 3)","The Wolf saw no objection to having some music before his dinner: so he took out his pipe and began to play, while the Kid danced before him.",,
4.0,"But while he was playing, and the Kid was dancing a jig, the Dogs heard the sound, and came running up.  ","(4, 4)","(4, 4)",Before many minutes were passed the gods who guarded the flock heard the sound and came up to see what was going on.,,
5.0,"“It is my own fault,” said the Wolf, as the Dogs caught him.","(5, -1)","(5, -1)",They no sooner clapped eyes on the Wolf than they gave chase and drove him away.,,
6.0,"“My business is to kill Kids and eat them, and not to play for them to dance.","(6, -1)","(6, -1)","As he ran off, he turned and said to the Kid, ""It's what I thoroughly deserve: my trade is the butcher's, and I had no business to turn piper to please you.""",,
7.0,"Why did I try to be a Piper, when I am really only a Butcher?”  ","(7, 6)","(7, 6)",,,
8.0,"“You didn’t play very well, either,” said the Kid","(8, -1)","(8, -1)",,,
