Unnamed: 0,sent1,manual_alignments,manual_alignments_1_1,sent2,chat_gpt_alignments,alignment_tool_alignments
0.0,"A Lion lay asleep in the forest, his great head resting on hispaws.","(0, 0)","(0, -1)",A Lion asleep in his lair was waked up by a Mouse running over hisface.,"(0, 0)
(1, 0)
(2, 2)
(4, 4)
(6, 8)
(8, 6)
(11, 7)
(12, 8)
(13, 8)
(15, 8)",
1.0,"A timid little Mouse came upon him unexpectedly, and in herfright and haste to get away, ran across the Lion's nose.","(1, 0)","(1, 0)",Losing his temper he seized it with his paw and was about tokill it.,,
2.0,"Rousedfrom his nap, the Lion laid his huge paw angrily on the tinycreature to kill her.","(2, 1)","(2, 1)","The Mouse, terrified, piteously entreated him to spare itslife.",,
3.0,"""Spare me!""","(3, 2)","(3, -1)","""Please let me go,"" it cried, ""and one day I will repay you foryour kindness.""",,
4.0,begged the poor Mouse.,"(4, 2)","(4, 2)","The idea of so insignificant a creature ever beingable to do anything for him amused the Lion so much that he laughedaloud, and good-humouredly let it go.",,
5.0,"""Please let me go and some dayI will surely repay you.","(5, 3)","(5, 3)","But the Mouse's chance came,after all.",,
6.0,"""The Lion was much amused to think that a Mouse could ever helphim.","(6, 4)","(6, 4)","One day the Lion got entangled in a net which had beenspread for game by some hunters, and the Mouse heard and recognisedhis roars of anger and ran to the spot.",,
7.0,But he was generous and finally let the Mouse go.,"(7, 5)","(7, 5)","Without more ado it set towork to gnaw the ropes with its teeth, and succeeded before long insetting the Lion free.",,
8.0,"Some days later, while stalking his prey in the forest, the Lionwas caught in the toils of a hunter's net.","(8, 6)","(8, 6)","""There!"" said the Mouse, ""you laughed at mewhen I promised I would repay you: but now you see, even a Mouse canhelp a Lion.""",,
9.0,"Unable to freehimself, he filled the forest with his angry roaring.","(9, 6)","(9, -1)",,,
10.0,The Mouseknew the voice and quickly found the Lion struggling in the net.,"(10, 6)","(10, -1)",,,
11.0,"Running to one of the great ropes that bound him, she gnawed ituntil it parted, and soon the Lion was free.","(11, 7)","(11, 7)",,,
12.0,"""You laughed when I said I would repay you,"" said the Mouse.","(12, 8)","(12, 8)",,,
13.0,"""Nowyou see that even a Mouse can help a Lion.","(13, 8)","(13, -1)",,,
14.0,"""_A kindness is never wasted._","(14, -1)","(14, -1)",,,
