Unnamed: 0,sent1,manual_alignments,manual_alignments_1_1,sent2,chat_gpt_alignments,alignment_tool_alignments
0.0,"A Lion fell deeply in love with the daughter of a cottager and wanted to marry her; but her father was unwilling to give her to so fearsome a husband, and yet didn't want to offend the Lion; so he hit upon the following expedient.","(0, 0)","(0, 0)",A Lion once fell in love with a beautiful maiden and proposed marriage to her parents.,"(0, 0)
(1, 3)
(2, 4)
(3, 5)",
1.0,"He went to the Lion and said, ""I think you will make a very good husband for my daughter: but I cannot consent to your union unless you let me draw your teeth and pare your nails, for my daughter is terribly afraid of them.""","(1, 3)","(1, 3)",The old people did not know what to say.,,
2.0,The Lion was so much in love that he readily agreed that this should be done.,"(2, 5)","(2, 5)","They did not like to give their daughter to the Lion, yet they did not wish to enrage the King of Beasts.",,
3.0,"When once, however, he was thus disarmed, the Cottager was afraid of him no longer, but drove him away with his club.","(3, -1)","(3, -1)","At last the father said: “We feel highly honoured by your Majesty’s proposal, but you see our daughter is a tender young thing, and we fear that in the vehemence of your affection you might possibly do her some injury.",,
4.0,,"(4, -1)","(4, -1)","Might I venture to suggest that your Majesty should have your claws removed, and your teeth extracted, then we would gladly consider your proposal again.”",,
5.0,,"(5, -1)","(5, -1)",The Lion was so much in love that he had his claws trimmed and his big teeth taken out.,,
6.0,,"(6, -1)","(6, -1)","But when he came again to the parents of the young girl they simply laughed in his face, and bade him do his worst.  ",,
7.0,,"(7, -1)","(7, -1)",Love can tame the wildest,,
