Unnamed: 0,sent1,manual_alignments,manual_alignments_1_1,sent2,chat_gpt_alignments,alignment_tool_alignments
0.0,"Just as a great Bear rushed to seize a stray kid, a Lion leaped from another direction upon the same prey.","(0, 0)","(0, 0)","A Lion and a Bear were fighting for possession of a kid, which they had both seized at the same moment.","(0, 0)
(1, 1)
(2, 2)
(3, 3)
(4, 3)",
1.0,The two fought furiously for the prize until they had received so many wounds that both sank down unable to continue the battle.,"(1, 1)","(1, 1)","The battle was long and fierce, and at length both of them were exhausted, and lay upon the ground severely wounded and gasping for breath.",,
2.0,"Just then a Fox dashed up, and seizing the kid, made off with it as fast as he could go, while the Lion and the Bear looked on in helpless rage.  ","(2, 2)","(2, 2)","A Fox had all the time been prowling round and watching the fight: and when he saw the combatants lying there too weak to move, he slipped in and seized the kid, and ran off with it.",,
3.0,"""How much better it would have been,"" they said, ""to have shared in a friendly spirit.""  ","(3, 3)","(3, -1)","They looked on helplessly, and one said to the other, ""Here we've been mauling each other all this while, and no one the better for it except the Fox!",,
4.0,_Those who have all the toil do not always get the profit._,"(4, 3)","(4, 3)",,,
