Unnamed: 0,sent1,manual_alignments,manual_alignments_1_1,sent2,chat_gpt_alignments,alignment_tool_alignments,2nd_manual_alignments
0.0,A Lion once fell in love with a beautiful maiden and proposed marriage to her parents.,"(0, -1)","(0, -1)","Though the Lion in love let them draw All his teeth, and pare down every claw,   He'd no bride for his pains,   For they beat out his brains","(0, 0)
(1, 3)
(2, 3)
(3, 1)
(5, 0)
(7, 0)",,"(0, -1)"
1.0,The old people did not know what to say.,"(1, -1)","(1, -1)",Ere he set on his maiden a paw.,,,"(1, -1)"
2.0,"They did not like to give their daughter to the Lion, yet they did not wish to enrage the King of Beasts.","(2, -1)","(2, -1)",OUR VERY MEANS MAY DEFEAT OUR ENDS,,,"(2, -1)"
3.0,"At last the father said: “We feel highly honoured by your Majesty’s proposal, but you see our daughter is a tender young thing, and we fear that in the vehemence of your affection you might possibly do her some injury.","(3, -1)","(3, -1)",,,,"(3, -1)"
4.0,"Might I venture to suggest that your Majesty should have your claws removed, and your teeth extracted, then we would gladly consider your proposal again.”","(4, -1)","(4, -1)",,,,"(4, -1)"
5.0,The Lion was so much in love that he had his claws trimmed and his big teeth taken out.,"(5, 0)","(5, 0)",,,,"(5, 0)"
6.0,"But when he came again to the parents of the young girl they simply laughed in his face, and bade him do his worst.  ","(6, 0)","(6, -1)",,,,"(6, 0)"
7.0,Love can tame the wildest,"(7, -1)","(7, -1)",,,,"(7, -1)"
