Unnamed: 0,sent1,manual_alignments,manual_alignments_1_1,sent2,chat_gpt_alignments,alignment_tool_alignments
0.0,"A Lion lay asleep in the forest, his great head resting on his paws.","(0, 0)","(0, 0)",IT ONCE happened that a hungry Lion woke to find a Mouse just under his paw.,"(0, 0)
(1, 1)
(2, 2)
(4, 4)
(5, 5)
(8, 6)
(11, 9)
(12, 10)",
1.0,"A timid little Mouse came upon him unexpectedly, and in her fright and haste to get away, ran across the Lion's nose.","(1, 1)","(1, 1)","He caught the tiny creature, and was about to make a mouthful of him, when the little fellow looked up, and began to beg for his life.  ",,
2.0,"Roused from his nap, the Lion laid his huge paw angrily on the tiny creature to kill her.  ","(2, -1)","(2, -1)",In most piteous tones the Mouse said: “Do not eat me.,,
3.0,"""Spare me!""","(3, 2)","(3, 2)",I meant no harm coming so near you.,,
4.0,begged the poor Mouse.,"(4, 2)","(4, -1)","If you would only spare my life now, O Lion, I would be sure to repay you!”  ",,
5.0,"""Please let me go and some day I will surely repay you.""  ","(5, 4)","(5, 4)","The Lion laughed scornfully at this, but it amused him so much that he lifted his paw and let his brave little prisoner go free.  ",,
6.0,The Lion was much amused to think that a Mouse could ever help him.,"(6, 5)","(6, 5)","It befell the great Lion, not long afterward, to be in as evil a case as had been the helpless Mouse.",,
7.0,But he was generous and finally let the Mouse go.,"(7, 6)","(7, 6)",And it came about that his life was to be saved by the keeping of the promise he had ridiculed.,,
8.0,"Some days later, while stalking his prey in the forest, the Lion was caught in the toils of a hunter's net.","(8, 8)","(8, 8)","He was caught by some hunters, who bound him with a strong rope, while they went away to find means for killing him.  ",,
9.0,"Unable to free himself, he filled the forest with his angry roaring.","(9, 9)","(9, 9)","Hearing his loud groans, the Mouse came promptly to his rescue, and gnawed the great rope till the royal captive could set himself free.  ",,
10.0,The Mouse knew the voice and quickly found the Lion struggling in the net.,"(10, -1)","(10, -1)","“You laughed,” the little Mouse said, “at the idea of my being able to be of service to you.",,
11.0,"Running to one of the great ropes that bound him, she gnawed it until it parted, and soon the Lion was free.  ","(11, -1)","(11, -1)",You little thought I should repay you.,,
12.0,"""You laughed when I said I would repay you,"" said the Mouse.","(12, 10)","(12, 10)",But you see it has come to pass that you are as grateful to me as I was once to you.,,
13.0,"""Now you see that even a Mouse can help a Lion.""  ","(13, -1)","(13, -1)",The weak have their place in the world as truly as the strong.”,,
14.0,_,"(14, -1)","(14, -1)",,,
15.0,A kindness is never wasted.,"(15, -1)","(15, -1)",,,
