Unnamed: 0,sent1,manual_alignments,manual_alignments_1_1,sent2,chat_gpt_alignments,alignment_tool_alignments,2nd_manual_alignments
0.0,A Man and a Lion were discussing the relative strength of men and lions in general.,"(0, -1)","(0, -1)","On a Statue--king Lion dethroned, Showing conqueror Man,--Lion frowned.   ","(0, 1)
(1, 2)
(3, 0)",,"(0, -1)"
1.0,The Man contended that he and his fellows were stronger than lions by reason of their greater intelligence.,"(1, -1)","(1, -1)","""If a Lion, you know,   Had been sculptor, he'd show Lion rampant, and Man on the ground.""  ",,,"(1, -1)"
2.0,"“Come now with me,” he cried, “and I will soon prove that I am right.”","(2, -1)","(2, -1)",THE STORY DEPENDS ON THE TELLER,,,"(2, -1)"
3.0,So he took him into the public gardens and showed him a statue of Hercules overcoming the Lion and tearing his mouth in two.,"(3, 0)","(3, 0)",,,,"(3, 0)"
4.0,"“That is all very well,” said the Lion, “but proves nothing, for it was a man who made the statue.”  ","(4, 1)","(4, 1)",,,,"(4, 1)"
5.0,We can easily represent things as we wish them to be,"(5, 2)","(5, 2)",,,,"(5, 2)"
