Unnamed: 0,sent1,manual_alignments,manual_alignments_1_1,sent2,chat_gpt_alignments,alignment_tool_alignments
0.0,"AN Old Laborer, bent with age and toil, was gathering brush in a forest.","(0, 0)","(0, 0)",An Old Man cut himself a bundle of faggots in a wood and started to carry them home.,"(0, 0)
(1, 1)
(2, 2)
(3, 3)
(4, 4)",
1.0,"Growing tired and hopeless, he threw down his bundle and cried out: “I can bear this no longer!","(1, 1)","(1, 1)","He had a long way to go, and was tired out before he had got much more than half-way.",,
2.0,If only Death would come and relieve me!”,"(2, 2)","(2, 2)","Casting his burden on the ground, he called upon Death to come and release him from his life of toil.",,
3.0,As he spoke Death came and asked him what it was that he wanted.,"(3, 3)","(3, 3)","The words were scarcely out of his mouth when, much to his dismay, Death stood before him and professed his readiness to serve him.",,
4.0,"“Pray, good sir,” replied the Man, “do me but the favor to lift this bundle of sticks to my back.","(4, 4)","(4, 4)","He was almost frightened out of his wits, but he had enough presence of mind to stammer out, ""Good sir, if you'd be so kind, pray help me up with my burden again.",,
