Unnamed: 0,sent1,manual_alignments,manual_alignments_1_1,sent2,chat_gpt_alignments,alignment_tool_alignments
0.0,An Old Man cut himself a bundle of faggots in a wood and started to carry them home.,"(0, 0)","(0, 0)","An old labourer, bent double with age and toil, was gathering sticks in a forest.","(0, 0)
(1, 1)
(2, 1)
(3, 3)
(4, 5)",
1.0,"He had a long way to go, and was tired out before he had got much more than half-way.","(1, -1)","(1, -1)","At last he grew so tired and hopeless that he threw down the bundle of sticks, and cried out: “I cannot bear this life any longer.",,
2.0,"Casting his burden on the ground, he called upon Death to come and release him from his life of toil.","(2, 2)","(2, 2)","Ah, I wish Death would only come and take me!”  ",,
3.0,"The words were scarcely out of his mouth when, much to his dismay, Death stood before him and professed his readiness to serve him.","(3, 3)","(3, 3)","As he spoke, Death, a grisly skeleton, appeared and said to him: “What wouldst thou, Mortal?",,
4.0,"He was almost frightened out of his wits, but he had enough presence of mind to stammer out, ""Good sir, if you'd be so kind, pray help me up with my burden again.","(4, 5)","(4, 5)",I heard thee call me.”,,
5.0,,"(5, -1)","(5, -1)","“Please, sir,” replied the woodcutter, “would you kindly help me to lift this faggot of sticks on to my shoulder?”  ",,
6.0,,"(6, -1)","(6, -1)",We would often be sorry if our wishes were gratified,,
