Unnamed: 0,sent1,manual_alignments,manual_alignments_1_1,sent2,chat_gpt_alignments,alignment_tool_alignments
0.0,"A Man and a Satyr became friends, and determined to live together.","(0, -1)","(0, -1)",A Man had lost his way in a wood one bitter winter’s night.,"(0, 1)
(1, 2)
(2, 3)
(3, 4)
(4, 6)
(5, 7)
(6, 9)
(8, 10)",
1.0,"All went well for a while, until one day in winter-time the Satyr saw the Man blowing on his hands.","(1, 1)","(1, 1)","As he was roaming about, a Satyr came up to him, and finding that he had lost his way, promised to give him a lodging for the night, and guide him out of the forest in the morning.",,
2.0,"""Why do you do that?"" he asked.","(2, 3)","(2, 3)","As he went along to the Satyr’s cell, the Man raised both his hands to his mouth and kept on blowing at them.",,
3.0,"""To warm my hands,"" said the Man.","(3, 4)","(3, 4)",“What do you do that for?” said the Satyr.,,
4.0,"That same day, when they sat down to supper together, they each had a steaming hot bowl of porridge, and the Man raised his bowl to his mouth and blew on it.","(4, 5)","(4, 5)","“My hands are numb with the cold,” said the Man, “and my breath warms them.”  ",,
5.0,"""Why do you do that?"" asked the Satyr.","(5, 7)","(5, 7)","After this they arrived at the Satyr’s home, and soon the Satyr put a smoking dish of porridge before him.",,
6.0,"""To cool my porridge,"" said the Man.","(6, 8)","(6, 8)",But when the Man raised his spoon to his mouth he began blowing upon it.,,
7.0,The Satyr got up from the table.,"(7, 9)","(7, 9)",“And what do you do that for?” said the Satyr.,,
8.0,"""Good-bye,"" said he, ""I'm going: I can't be friends with a man who blows hot and cold with the same breath.","(8, 10)","(8, 10)","“The porridge is too hot, and my breath will cool it.”  ",,
9.0,,"(9, -1)","(9, -1)","“Out you go,” said the Satyr.",,
10.0,,"(10, -1)","(10, -1)",“I will have nought to do with a man who can blow hot and cold with the same breath.,,
