Unnamed: 0,sent1,manual_alignments,manual_alignments_1_1,sent2,chat_gpt_alignments,alignment_tool_alignments
0.0,"In the old days, when men were allowed to have many wives, a middle-aged Man had one wife that was old and one that was young; each loved him very much, and desired to see him like herself.","(0, 0)","(0, 0)","A Man whose hair was turning gray had two Wives, one young and the other old.","(0, 0)
(1, 1)
(2, 1)
(3, 1)
(4, 2)
(5, 2)",
1.0,"Now the Man’s hair was turning grey, which the young Wife did not like, as it made him look too old for her husband.","(1, 1)","(1, -1)","The elderly woman felt ashamed at being married to a man younger than herself, and made it a practice whenever he was with her to pick out all his black hairs; while the younger, anxious to conceal the fact that she had an elderly husband, used, similarly, to pull out the gray ones.",,
2.0,So every night she used to comb his hair and pick out the white ones.,"(2, 1)","(2, -1)","So, between them, it ended in the Man being completely plucked, and becoming bald",,
3.0,"But the elder Wife saw her husband growing grey with great pleasure, for she did not like to be mistaken for his mother.","(3, 1)","(3, -1)",,,
4.0,So every morning she used to arrange his hair and pick out as many of the black ones as she could.,"(4, 1)","(4, 1)",,,
5.0,The consequence was the Man soon found himself entirely bald.  Yield to all and you will soon have nothing to yield,"(5, 2)","(5, 2)",,,
