Unnamed: 0,sent1,manual_alignments,manual_alignments_1_1,sent2,chat_gpt_alignments,alignment_tool_alignments
0.0,A poor Woodman was cutting down a tree near the edge of a deep pool in the forest.,"(0, 0)","(0, 0)","A WOODMAN, felling a tree by the side of a river, let his ax drop by accident into the stream.  ",,
1.0,It was late in the day and the Woodman was tired.,"(1, -1)","(1, -1)","Being thus suddenly deprived of the tool by means of which he gained his livelihood, he sat down upon the bank and lamented his hard fate.  ",,
2.0,He had been working since sunrise and his strokes were not so sure as they had been early that morning.,"(2, -1)","(2, -1)",To his surprise Mercury appeared and asked him what was the matter.,,
3.0,Thus it happened that the axe slipped and flew out of his hands into the pool.,"(3, -1)","(3, -1)","Having heard the story of the man’s misfortune, he dived to the bottom of the river, and bringing up a golden ax, inquired if that was the one he had lost.  ",,
4.0,The Woodman was in despair.,"(4, 1)","(4, 1)","On his saying that it was not his, Mercury dived a second time, and returning with a silver ax in his hand, again demanded of the Woodman if it was his.  ",,
5.0,"The axe was all he possessed with which to make a living, and he had not money enough to buy a new one.","(5, -1)","(5, -1)","This also the Woodman refused, saying that it was none of his.",,
6.0,"As he stood wringing his hands and weeping, the god Mercury suddenly appeared and asked what the trouble was.","(6, 2)","(6, 2)",Mercury disappeared a third time and brought up the ax that the man had lost.,,
7.0,"The Woodman told what had happened, and straightway the kind Mercury dived into the pool.","(7, 3)","(7, -1)",This the poor man took with joy and thankfulness.,,
8.0,When he came up again he held a wonderful golden axe.,"(8, 3)","(8, 3)","So pleased was Mercury with the honesty of the man, that he gave him the other two axes in addition to his own.  ",,
9.0,"""Is this your axe?""","(9, -1)","(9, -1)","The Woodman, on his return home, related to his companions all that had happened.",,
10.0,Mercury asked the Woodman.,"(10, -1)","(10, -1)",One of them resolved to see if he could secure the same good fortune to himself.,,
11.0,"""No,"" answered the honest Woodman, ""that is not my axe.""  ","(11, 3)","(11, -1)","He ran to the river and threw his ax in, then sat down upon the bank to lament his sad fate.  ",,
12.0,Mercury laid the golden axe on the bank and sprang back into the pool.,"(12, 4)","(12, 4)",Mercury appeared as before and demanded to know the cause of his grief.,,
13.0,"This time he brought up an axe of silver, but the Woodman declared again that his axe was just an ordinary one with a wooden handle.  ","(13, 5)","(13, 5)","After hearing the man’s account, he dived and brought up a golden ax and asked the man if that was his.  ",,
14.0,"Mercury dived down for the third time, and when he came up again he had the very axe that had been lost.  ","(14, 6)","(14, 6)","Transported at the sight of the precious metal, the fellow eagerly answered that it was, and greedily attempted to snatch it.",,
15.0,The poor Woodman was very glad that his axe had been found and could not thank the kind god enough.,"(15, 7)","(15, 7)","The god, detecting his falsehood and greed, not only declined to give him the golden ax but refused to recover for him his own",,
16.0,Mercury was greatly pleased with the Woodman's honesty.,"(16, 8)","(16, 8)",,,
17.0,"""I admire your honesty,"" he said, ""and as a reward you may have all three axes, the gold and the silver as well as your own.""  ","(17, -1)","(17, -1)",,,
18.0,"The happy Woodman returned to his home with his treasures, and soon the story of his good fortune was known to everybody in the village.","(18, 9)","(18, 9)",,,
19.0,Now there were several Woodmen in the village who believed that they could easily win the same good fortune.,"(19, 10)","(19, 10)",,,
20.0,"They hurried out into the woods, one here, one there, and hiding their axes in the bushes, pretended they had lost them.","(20, -1)","(20, -1)",,,
21.0,Then they wept and wailed and called on Mercury to help them.,"(21, -1)","(21, -1)",,,
22.0,"And indeed, Mercury did appear, first to this one, then to that.","(22, 12)","(22, 12)",,,
23.0,"To each one he showed an axe of gold, and each one eagerly claimed it to be the one he had lost.","(23, 13)","(23, 13)",,,
24.0,But Mercury did not give them the golden axe.,"(24, 14)","(24, 14)",,,
25.0,Oh no!,"(25, -1)","(25, -1)",,,
26.0,Instead he gave them each a hard whack over the head with it and sent them home.,"(26, -1)","(26, -1)",,,
27.0,"And when they returned next day to look for their own axes, they were nowhere to be found.  ","(27, 15)","(27, 15)",,,
28.0,_Honesty is the best policy.,"(28, -1)","(28, -1)",,,
29.0,_,"(29, -1)","(29, -1)",,,
