Unnamed: 0,sent1,manual_alignments,manual_alignments_1_1,sent2,chat_gpt_alignments,alignment_tool_alignments
0.0,"THE Mice, being sadly distressed on account of their common enemy the Cat, called a council to devise means of ridding themselves of the annoyance.","(0, 0)","(0, 0)","Once upon a time all the Mice met together in Council, and discussed the best means of securing themselves against the attacks of the cat.","(0, 0)
(1, 1)
(3, 2)
(5, 3)",
1.0,"Many plans were proposed and rejected, till at last it was suggested by a young Mouse that a bell should be hung round the Cat’s neck, that having notice of her coming, they might escape to their holes.  ","(1, 1)","(1, 1)","After several suggestions had been debated, a Mouse of some standing and experience got up and said, ""I think I have hit upon a plan which will ensure our safety in the future, provided you approve and carry it out.",,
2.0,The proposal was hailed with applause and agreed to unanimously.,"(2, 3)","(2, 3)","It is that we should fasten a bell round the neck of our enemy the cat, which will by its tinkling warn us of her approach.""",,
3.0,"Whereupon an old Mouse, who had sat in silence, got up and said, “That is well, but who will bell the Cat?”","(3, 3)","(3, 3)","This proposal was warmly applauded, and it had been already decided to adopt it, when an old Mouse got upon his feet and said, ""I agree with you all that the plan before us is an admirable one: but may I ask who is going to bell the cat?""  ",,
4.0,"The Mice looked one at another, but no one answered.  ","(4, -1)","(4, -1)",,,
5.0,"The old Mouse said, “It is easy to advise; what is wanted is some one to act.”","(5, -1)","(5, -1)",,,
