Unnamed: 0,sent1,manual_alignments,manual_alignments_1_1,sent2,chat_gpt_alignments,alignment_tool_alignments
0.0,The Weasels and the Mice were always up in arms against each other.,"(0, 0)","(0, -1)","There was war between the Mice and the Weasels, in which the Mice always got the worst of it, numbers of them being killed and eaten by the Weasels.","(0, 0)
(1, 1)
(2, 2)
(3, 3)
(4, 4)
(6, 3)
(7, 3)
(8, 3)
(9, 4)
(11, 5)",
1.0,"In every battle the Weasels carried off the victory, as well as a large number of the Mice, which they ate for dinner next day.","(1, 0)","(1, 0)","So they called a council of war, in which an old Mouse got up and said, ""It's no wonder we are always beaten, for we have no generals to plan our battles and direct our movements in the field.""",,
2.0,"In despair the Mice called a council, and there it was decided that the Mouse army was always beaten because it had no leaders.","(2, 1)","(2, 1)","Acting on his advice, they chose the biggest Mice to be their leaders, and these, in order to be distinguished from the rank and file, provided themselves with helmets bearing large plumes of straw.",,
3.0,So a large number of generals and commanders were appointed from among the most eminent Mice.,"(3, 2)","(3, 2)","They then led out the Mice to battle, confident of victory: but they were defeated as usual, and were soon scampering as fast as they could to their holes.",,
4.0,"To distinguish themselves from the soldiers in the ranks, the new leaders proudly bound on their heads lofty crests and ornaments of feathers or straw.","(4, 2)","(4, -1)","All made their way to safety without difficulty except the leaders, who were so hampered by the badges of their rank that they could not get into their holes, and fell easy victims to their pursuers.  ",,
5.0,"Then after long preparation of the Mouse army in all the arts of war, they sent a challenge to the Weasels.  ","(5, 3)","(5, -1)",Greatness carries its own penalties.,,
6.0,"The Weasels accepted the challenge with eagerness, for they were always ready for a fight when a meal was in sight.","(6, -1)","(6, -1)",,,
7.0,They immediately attacked the Mouse army in large numbers.,"(7, -1)","(7, -1)",,,
8.0,Soon the Mouse line gave way before the attack and the whole army fled for cover.,"(8, -1)","(8, -1)",,,
9.0,"The privates easily slipped into their holes, but the Mouse leaders could not squeeze through the narrow openings because of their head-dresses.","(9, 3)","(9, 3)",,,
10.0,Not one escaped the teeth of the hungry Weasels.,"(10, 4)","(10, 4)",,,
11.0,_Greatness has its penalties.,"(11, 5)","(11, 5)",,,
