Unnamed: 0,sent1,manual_alignments,manual_alignments_1_1,sent2,chat_gpt_alignments,alignment_tool_alignments
0.0,"A farmer's daughter had been out to milk the cows, and was returning to the dairy carrying her pail of milk upon her head.","(0, 0)","(0, 0)",Patty the Milkmaid was going to market carrying her milk in a Pail on her head.,"(0, 0)
(1, 1)
(2, 2)
(3, 3)
(4, 5)
(5, 6)
(6, 8)


",
1.0,"As she walked along, she fell a-musing after this fashion: ""The milk in this pail will provide me with cream, which I will make into butter and take to market to sell.","(1, 1)","(1, 1)",As she went along she began calculating what she would do with the money she would get for the milk.,,
2.0,"With the money I will buy a number of eggs, and these, when hatched, will produce chickens, and by and by I shall have quite a large poultry-yard.","(2, 2)","(2, 2)","“I’ll buy some fowls from Farmer Brown,” said she, “and they will lay eggs each morning, which I will sell to the parson’s wife.",,
3.0,"Then I shall sell some of my fowls, and with the money which they will bring in I will buy myself a new gown, which I shall wear when I go to the fair; and all the young fellows will admire it, and come and make love to me, but I shall toss my head and have nothing to say to them.""","(3, 3)","(3, 3)","With the money that I get from the sale of these eggs I’ll buy myself a new dimity frock and a chip hat; and when I go to market, won’t all the young men come up and speak to me!",,
4.0,"Forgetting all about the pail, and suiting the action to the word, she tossed her head.","(4, 5)","(4, 5)",Polly Shaw will be that jealous; but I don’t care.,,
5.0,"Down went the pail, all the milk was spilled, and all her fine castles in the air vanished in a moment!  ","(5, 6)","(5, 6)",I shall just look at her and toss my head like this.,,
6.0,Do not count your chickens before they are hatched.,"(6, 8)","(6, 8)","As she spoke she tossed her head back, the Pail fell off it, and all the milk was spilt.",,
7.0,,"(7, -1)","(7, -1)",So she had to go home and tell her mother what had occurred.,,
8.0,,"(8, -1)","(8, -1)","“Ah, my child,” said the mother,  “Do not count your chickens before they are hatched.”",,
