Unnamed: 0,sent1,manual_alignments,manual_alignments_1_1,sent2,chat_gpt_alignments,alignment_tool_alignments
0.0,"THERE was once a Dog who used to run at every one whom he met, but so quietly that no one suspected harm from him till he began to bite his heels.  ","(0, -1)","(0, -1)","There was once a Dog who used to snap at people and bite them without any provocation, and who was a great nuisance to every one who came to his master's house.","(0, 0)
(1, 1)
(2, 2)
(3, 3)
(4, 4)
(5, 5)
(6, 6)",
1.0,"In order to give notice to strangers that the Dog could not be trusted, and at the same time to punish the Dog himself, the master would sometimes hang a bell about his neck and compel him to drag a heavy clog, which he firmly attached to his collar by a chain.  ","(1, 1)","(1, 1)",So his master fastened a bell round his neck to warn people of his presence.,,
2.0,"For a time the Dog hung his head; but seeing that his bell and clog brought him into notice, he grew proud of them, and ran about the market place to display them and attract attention to himself.","(2, 2)","(2, 2)","The Dog was very proud of the bell, and strutted about tinkling it with immense satisfaction.",,
3.0,"He even went so far as to give himself airs with the other dogs, who had no such mark of distinction.  ","(3, -1)","(3, -1)","But an old dog came up to him and said, ""The fewer airs you give yourself the better, my friend.",,
4.0,"An old Hound, seeing it, said: “Why do you make such an exhibition of yourself, as if your bell and clog were marks of merit?","(4, 4)","(4, 4)","You don't think, do you, that your bell was given you as a reward of merit?",,
5.0,"They do indeed bring you into notice; but when their meaning is understood, they are marks of disgrace—a reminder that you are an ill-mannered cur.","(5, 5)","(5, 5)","On the contrary, it is a badge of disgrace.""  ",,
6.0,It is one thing to be renowned when our virtues give occasion for it; it is quite another to become notorious for our faults.”,"(6, 6)","(6, 6)",Notoriety is often mistaken for fame,,
