Unnamed: 0,sent1,manual_alignments,manual_alignments_1_1,sent2,chat_gpt_alignments,alignment_tool_alignments
0.0,A MISER who had buried a lump of gold in the ground came to the spot every day to look at it.,"(0, 0)","(0, 0)","A Miser sold everything he had, and melted down his hoard of gold into a single lump, which he buried secretly in a field.","(0, 5)
(1, 1)
(2, 6)
(3, 4)
(4, 0)",
1.0,"Finding one day that it had been stolen, he began to tear his hair and lament loudly.  ","(1, 4)","(1, 4)","Every day he went to look at it, and would sometimes spend long hours gloating over his treasure.",,
2.0,"A neighbor, seeing him, said: “Pray do not grieve so.","(2, 5)","(2, 5)","One of his men noticed his frequent visits to the spot, and one day watched him and discovered his secret.",,
3.0,Bury a stone in the same hole and fancy it is the gold.,"(3, 6)","(3, -1)","Waiting his opportunity, he went one night and dug up the gold and stole it.",,
4.0,"It will serve you just as well, for when the gold was there you made no use of it.","(4, 6)","(4, 6)","Next day the Miser visited the place as usual, and, finding his treasure gone, fell to tearing his hair and groaning over his loss.",,
5.0,,,,"In this condition he was seen by one of his neighbours, who asked him what his trouble was.",,
6.0,,,,"The Miser told him of his misfortune; but the other replied, ""Don't take it so much to heart, my friend; put a brick into the hole, and take a look at it every day: you won't be any worse off than before, for even when you had your gold it was of no earthly use to you.""",,
