Unnamed: 0,sent1,manual_alignments,manual_alignments_1_1,sent2,chat_gpt_alignments,alignment_tool_alignments
0.0,Once upon a time a Cat and a Monkey lived as pets in the same house.,"(0, 0)","(0, 0)","A MONKEY and a Cat lived in the same family, and it was hard to tell which was the greater thief.  ","(0, 0)
(1, 1)
(3, 1)
(5, 3)
(7, 4)
(11, 5)",
1.0,They were great friends and were constantly in all sorts of mischief together.,"(1, 0)","(1, 0)","One day, as they were roaming together, they spied some chestnuts roasting in the ashes of a fire.  ",,
2.0,"What they seemed to think of more than anything else was to get something to eat, and it did not matter much to them how they got it.  ","(2, -1)","(2, -1)","“Come,” said the cunning Monkey, “we shall not go dinnerless to-day.",,
3.0,"One day they were sitting by the fire, watching some chestnuts roasting on the hearth.","(3, 1)","(3, 1)",Your claws are better than mine for the purpose; pull the chestnuts out of the ashes and you shall have half.”,,
4.0,How to get them was the question.,"(4, -1)","(4, -1)","Puss pulled them out, burning her paws very much in doing so.",,
5.0,"""I would gladly get them,"" said the cunning Monkey, ""but you are much more skillful at such things than I am.","(5, 2)","(5, 2)","When she had stolen every one, she turned to the Monkey for her share of the booty; but, to her chagrin, she could find no chestnuts, for he had eaten them all.",,
6.0,"Pull them out and I'll divide them between us.""  ","(6, 3)","(6, 3)",,,
7.0,"Pussy stretched out her paw very carefully, pushed aside some of the cinders, and drew back her paw very quickly.","(7, 4)","(7, 4)",,,
8.0,"Then she tried it again, this time pulling a chestnut half out of the fire.","(8, -1)","(8, -1)",,,
9.0,A third time and she drew out the chestnut.,"(9, -1)","(9, -1)",,,
10.0,"This performance she went through several times, each time singeing her paw severely.","(10, -1)","(10, -1)",,,
11.0,"As fast as she pulled the chestnuts out of the fire, the Monkey ate them up.  ","(11, 5)","(11, 5)",,,
12.0,"Now the master came in, and away scampered the rascals, Mistress Cat with a burnt paw and no chestnuts.","(12, -1)","(12, -1)",,,
13.0,"From that time on, they say, she contented herself with mice and rats and had little to do with Sir Monkey.  ","(13, -1)","(13, -1)",,,
14.0,_,"(14, -1)","(14, -1)",,,
15.0,The flatterer seeks some benefit at your expense._,"(15, -1)","(15, -1)",,,
