Unnamed: 0,sent1,manual_alignments,manual_alignments_1_1,sent2,chat_gpt_alignments,alignment_tool_alignments
0.0,"It happened once upon a time that a certain Greek ship bound for Athens was wrecked off the coast close to Piraeus, the port of Athens.","(0, -1)","(0, -1)",When people go on a voyage they often take with them lap-dogs or monkeys as pets to wile away the time.,"(0, 1)
(1, 8)
(3, 3)
(4, 4)
(6, 6)
(7, 5)
(9, 7)
(11, 4)
(13, 4)
(15, 6)",
1.0,"Had it not been for the Dolphins, who at that time were very friendly toward mankind and especially toward Athenians, all would have perished.","(1, -1)","(1, -1)",Thus it fell out that a man returning to Athens from the East had a pet Monkey on board with him.,,
2.0,But the Dolphins took the shipwrecked people on their backs and swam with them to shore.,"(2, -1)","(2, -1)","As they neared the coast of Attica a great storm burst upon them, and the ship capsized.",,
3.0,Now it was the custom among the Greeks to take their pet monkeys and dogs with them whenever they went on a voyage.,"(3, 0)","(3, 0)","All on board were thrown into the water, and tried to save themselves by swimming, the Monkey among the rest.",,
4.0,"So when one of the Dolphins saw a Monkey struggling in the water, he thought it was a man, and made the Monkey climb up on his back.","(4, 4)","(4, -1)","A Dolphin saw him, and, supposing him to be a man, took him on his back and began swimming towards the shore.",,
5.0,Then off he swam with him toward the shore.,"(5, 4)","(5, 4)","When they got near the Piræus, which is the port of Athens, the Dolphin asked the Monkey if he was an Athenian.",,
6.0,"The Monkey sat up, grave and dignified, on the Dolphin's back.  ","(6, -1)","(6, -1)","The Monkey replied that he was, and added that he came of a very distinguished family.",,
7.0,"""You are a citizen of illustrious Athens, are you not?"" asked the Dolphin politely.  ","(7, 5)","(7, 5)","""Then, of course, you know the Piræus,"" continued the Dolphin.",,
8.0,"""Yes,"" answered the Monkey, proudly.","(8, 6)","(8, -1)","The Monkey thought he was referring to some high official or other, and replied, ""Oh, yes, he's a very old friend of mine.""",,
9.0,"""My family is one of the noblest in the city.""  ","(9, 6)","(9, 6)","At that, detecting his hypocrisy, the Dolphin was so disgusted that he dived below the surface, and the unfortunate Monkey was quickly drowned",,
10.0,"""Indeed,"" said the Dolphin.","(10, -1)","(10, -1)",,,
11.0,"""Then of course you often visit Piraeus.""  ","(11, 7)","(11, 7)",,,
12.0,"""Yes, yes,"" replied the Monkey.","(12, 8)","(12, -1)",,,
13.0,"""Indeed, I do.","(13, 8)","(13, -1)",,,
14.0,I am with him constantly.,"(14, 8)","(14, -1)",,,
15.0,"Piraeus is my very best friend.""  ","(15, 8)","(15, 8)",,,
16.0,"This answer took the Dolphin by surprise, and, turning his head, he now saw what it was he was carrying.","(16, 9)","(16, -1)",,,
17.0,"Without more ado, he dived and left the foolish Monkey to take care of himself, while he swam off in search of some human being to save.  ","(17, 9)","(17, 9)",,,
18.0,_,"(18, -1)","(18, -1)",,,
19.0,One falsehood leads to another._,"(19, -1)","(19, -1)",,,
