Unnamed: 0,sent1,manual_alignments,manual_alignments_1_1,sent2,chat_gpt_alignments,alignment_tool_alignments
0.0,"At a great celebration in honor of King Lion, the Monkey wasasked to dance for the company.","(0, 0)","(0, -1)",At a gathering of all the beasts the Monkey gave an exhibition ofdancing and entertained the company vastly.,"(0, 0)
(1, 0)
(2, 1)
(3, 2)
(4, 2)
(6, 2)
(8, 2)",
1.0,"His dancing was very cleverindeed, and the animals were all highly pleased with his graceand lightness.","(1, 0)","(1, 0)","There was great applauseat the finish, which excited the envy of the Camel and made him desireto win the favour of the assembly by the same means.",,
2.0,The praise that was showered on the Monkey made the Camelenvious.,"(2, 1)","(2, -1)","So he got up fromhis place and began dancing, but he cut such a ridiculous figure as heplunged about, and made such a grotesque exhibition of his ungainlyperson, that the beasts all fell upon him with ridicule and drove himaway.",,
3.0,"He was very sure that he could dance quite as well asthe Monkey, if not better, so he pushed his way into the crowdthat was gathered around the Monkey, and rising on his hind legs,began to dance.","(3, 1)","(3, 1)",,,
4.0,But the big hulking Camel made himself veryridiculous as he kicked out his knotty legs and twisted his longclumsy neck.,"(4, 2)","(4, -1)",,,
5.0,"Besides, the animals found it hard to keep theirtoes from under his heavy hoofs.","(5, -1)","(5, -1)",,,
6.0,"At last, when one of his huge feet came within an inch of KingLion's nose, the animals were so disgusted that they set upon theCamel in a rage and drove him out into the desert.","(6, 2)","(6, 2)",,,
7.0,"Shortly afterward, refreshments, consisting mostly of Camel'shump and ribs, were served to the company._Do not try to ape your betters._","(7, -1)","(7, -1)",,,
