Unnamed: 0,sent1,manual_alignments,manual_alignments_1_1,sent2,chat_gpt_alignments,alignment_tool_alignments,2nd_manual_alignments
0.0,THE Moon once asked her Mother to make her a little coat that would fit her well.,"(0, 0)","(0, 0)",The Moon once begged her Mother to make her a gown.,"(0, 0)
(1, 2)",,"(0, 0)"
1.0,"“How,” replied the Mother, “can I make a cloak to fit you, when now you are a New Moon, and then a Full Moon, and then again neither the one nor the other?","(1, 2)","(1, 2)","""How can I?"" replied she; ""there's no fitting your figure.",,,"(1, 2)"
2.0,,,,"At one time you're a New Moon, and at another you're a Full Moon; and between whiles you're neither one nor the other.",,,
