Unnamed: 0,sent1,manual_alignments,manual_alignments_1_1,sent2,chat_gpt_alignments,alignment_tool_alignments
0.0,A little hungry Mouse found his way one day into a basket of corn.,"(0, 0)","(0, -1)","A LITTLE starveling Mouse had made his way with some difficulty into a basket of corn, where, finding the entertainment much to his liking, he stuffed and crammed himself to such an extent that when he was ready to get out again, he found the hole by which he had entered too small to allow his puffed-out body to pass through.","(0, 0)
(1, 0)
(2, 0)
(3, 0)
(4, 0)
(5, 1)
(7, 1)
(10, 1)
(11, 1)
(13, 1)
(15, 1)
(17, 1)",
1.0,He had to squeeze himself a good deal to get through the narrow opening between the strips of the basket.,"(1, 0)","(1, 0)","A Weasel, who was drawn to the spot by his cries, thus counseled him: “Stay where you are, my friend, and fast till you are thin; for you will never come out till you reduce yourself to the same condition as when you went in.”",,
2.0,But the corn was tempting and the Mouse was determined to get in.,"(2, -1)","(2, -1)",,,
3.0,"When at last he had succeeded, he gorged himself to bursting.","(3, 0)","(3, -1)",,,
4.0,Indeed he became about three times as big around the middle as he was when he went in.,"(4, -1)","(4, -1)",,,
5.0,At last he felt satisfied and dragged himself to the opening to get out again.,"(5, -1)","(5, -1)",,,
6.0,But the best he could do was to get his head out.,"(6, -1)","(6, -1)",,,
7.0,"So there he sat groaning and moaning, both from the discomfort inside him and his anxiety to escape from the basket.  ","(7, -1)","(7, -1)",,,
8.0,Just then a Weasel came by.,"(8, 1)","(8, -1)",,,
9.0,He understood the situation quickly.,"(9, -1)","(9, -1)",,,
10.0,"""My friend,"" he said, ""I know what you've been doing.","(10, 1)","(10, -1)",,,
11.0,You've been stuffing.,"(11, -1)","(11, -1)",,,
12.0,That's what you get.,"(12, -1)","(12, -1)",,,
13.0,You will have to stay there till you feel just like you did when you went in.,"(13, 1)","(13, 1)",,,
14.0,"Good night, and good enough for you.""  ","(14, -1)","(14, -1)",,,
15.0,And that was all the sympathy the poor Mouse got.,"(15, -1)","(15, -1)",,,
16.0,_,"(16, -1)","(16, -1)",,,
17.0,Greediness leads to misfortune.,"(17, -1)","(17, -1)",,,
