Unnamed: 0,sent1,manual_alignments,manual_alignments_1_1,sent2,chat_gpt_alignments,alignment_tool_alignments
0.0,"A MOUSE, who had always lived on the land, and a Frog, who passed most of his time in the water, became friends.  ","(0, 0)","(0, 0)","A Mouse and a Frog struck up a friendship; they were not well mated, for the Mouse lived entirely on land, while the Frog was equally at home on land or in the water.","(0, 0)
(1, 0)
(2, 2)
(3, 2)
(4, 1)
(5, 3)
(6, 1)
(7, 2)
(8, 2)
(9, 3)
(10, 3)
(11, 2)
(12, 2)
(13, 3)
(14, 3)
(15, 4)
(16, 3)
(17, 4)
(18, 4)
(19, 4)
(20, 4)
(21, 4)
(22, 4)
(23, 5)",
1.0,The Mouse showed the Frog his nest and everything he could think of that was pleasant to see; and the Frog invited the Mouse to go home with him and see all the beautiful things that are under the water.,"(1, -1)","(1, -1)","In order that they might never be separated, the Frog tied himself and the Mouse together by the leg with a piece of thread.",,
2.0,“Can you swim?” asked the Frog.,"(2, -1)","(2, -1)","As long as they kept on dry land all went fairly well; but, coming to the edge of a pool, the Frog jumped in, taking the Mouse with him, and began swimming about and croaking with pleasure.",,
3.0,"“Not much,” said the Mouse.  ","(3, -1)","(3, -1)","The unhappy Mouse, however, was soon drowned, and floated about on the surface in the wake of the Frog.",,
4.0,"[Illustration]  “No matter,” said the Frog; “I will tie your foot to my foot with a piece of this strong grass, and then I can pull you along nicely.”","(4, -1)","(4, -1)","There he was spied by a Hawk, who pounced down on him and seized him in his talons.",,
5.0,The Frog laughed as he said this.,"(5, -1)","(5, -1)","The Frog was unable to loose the knot which bound him to the Mouse, and thus was carried off along with him and eaten by the Hawk.",,
6.0,"He thought it would be good fun for him, but he well knew that the Mouse would not enjoy it.  ","(6, -1)","(6, -1)",,,
7.0,"When the Frog had tied the Mouse’s foot to his own, they started together across the meadow.","(7, 1)","(7, 1)",,,
8.0,"They soon came to the edge of the water, and the Frog jumped in, pulling the Mouse in with him.  ","(8, 2)","(8, 2)",,,
9.0,"“Oh, how cool and nice the water is, after the dry, hot land!” said the Frog, as he swam gayly about.","(9, -1)","(9, -1)",,,
10.0,But the poor Mouse was frightened.,"(10, 3)","(10, -1)",,,
11.0,"“Please let me go,” said he, “or I shall die.”  ","(11, 3)","(11, 3)",,,
12.0,"“Oh, never mind,” said the unkind Frog; “you will get used to the water.","(12, -1)","(12, -1)",,,
13.0,I just love it.”,"(13, -1)","(13, -1)",,,
14.0,"But soon the poor Mouse was drowned, and floated up to the top of the water, while the Frog frisked about down below.  ","(14, 3)","(14, 3)",,,
15.0,"Just then a Hawk saw the Mouse, and pounced upon it.  ","(15, 4)","(15, 4)",,,
16.0,"As he flew away with it the Frog was dragged out of the water, too, for he was still tied to the Mouse.  ","(16, 4)","(16, -1)",,,
17.0,"“Stop, stop!”","(17, -1)","(17, -1)",,,
18.0,cried the Frog.,"(18, -1)","(18, -1)",,,
19.0,“Let me go.,"(19, -1)","(19, -1)",,,
20.0,It is the Mouse you want.”,"(20, -1)","(20, -1)",,,
21.0,"“Come along,” said the Hawk; “I want you both.","(21, -1)","(21, -1)",,,
22.0,"I will eat you first, for I like Frog meat even better than I do Mouse.”  ","(22, -1)","(22, -1)",,,
23.0,"In a few moments the Hawk had made a good supper, and there was nothing left of either the false Frog or the foolish Mouse","(23, 5)","(23, 5)",,,
