Unnamed: 0,sent1,manual_alignments,manual_alignments_1_1,sent2,chat_gpt_alignments,alignment_tool_alignments,2nd_manual_alignments
0.0,A Mule had had a long rest and much good feeding.,"(0, 0)","(0, 0)","One morning a Mule, who had too much to eat and too little to do, began to think himself a very fine fellow indeed, and frisked about saying, ""My father was undoubtedly a high-spirited horse and I take after him entirely.""","(0, 0)
(1, 0)
(2, 0)
(3, 0)
(6, 2)
(7, 2)",,"(0, 0)"
1.0,"He was feeling very vigorous indeed, and pranced around loftily, holding his head high.  ","(1, 0)","(1, -1)",But very soon afterwards he was put into the harness and compelled to go a very long way with a heavy load behind him.,,,"(1, 0)"
2.0,"""My father certainly was a full-blooded racer,"" he said.","(2, 0)","(2, -1)","At the end of the day, exhausted by his unusual exertions, he said dejectedly to himself, ""I must have been mistaken about my father; he can only have been an ass after all.",,,"(2, 0)"
3.0,"""I can feel that distinctly.""  ","(3, -1)","(3, -1)",,,,"(3, -1)"
4.0,Next day he was put into harness again and that evening he was very downhearted indeed.,"(4, 1)","(4, 1)",,,,"(4, 1)"
5.0,"""I was mistaken,"" he said.","(5, 2)","(5, -1)",,,,"(5, 2)"
6.0,"""My father was an Ass after all.""  ","(6, 2)","(6, 2)",,,,"(6, 2)"
7.0,_Be sure of your pedigree before you boast of it.,"(7, -1)","(7, -1)",,,,"(7, -1)"
