Unnamed: 0,sent1,manual_alignments,manual_alignments_1_1,sent2,chat_gpt_alignments,alignment_tool_alignments
0.0,"A WOLF, prowling about to find something for supper, heard a Child crying in a house.","(0, -1)","(0, -1)","“Be quiet now,” said an old Nurse to a child sitting on her lap.","(0, 1)
(2, 4)
(3, 6)
(4, 6)
(5, 6)
(10, 8)",
1.0,"Listening, he heard the Nurse say, “Stop crying this minute, or I will throw you out of doors to the Wolf.”  ","(1, 0)","(1, 0)",“If you make that noise again I will throw you to the Wolf.”,,
2.0,"The Wolf sat down near the door, thinking within himself, “I shall soon have a good supper.”  ","(2, 4)","(2, 4)",Now it chanced that a Wolf was passing close under the window as this was said.,,
3.0,"The Baby cried and cried, till at last it went to sleep; and then the Wolf heard the Nurse say: “There, that’s a good Baby.","(3, 6)","(3, 6)",So he crouched down by the side of the house and waited.,,
4.0,"If the naughty old Wolf comes for my darling, we’ll beat him, so we will.”  ","(4, -1)","(4, -1)","“I am in good luck to-day,” thought he.",,
5.0,The Wolf trotted sadly home.,"(5, -1)","(5, -1)","“It is sure to cry soon, and a daintier morsel I haven’t had for many a long day.”",,
6.0,On his way he met the Fox.,"(6, -1)","(6, -1)","So he waited, and he waited, and he waited, till at last the child began to cry, and the Wolf came forward before the window, and looked up to the Nurse, wagging his tail.",,
7.0,"“What makes you look so sour and so forlorn, my friend?” said the Fox.  ","(7, -1)","(7, -1)","But all the Nurse did was to shut down the window and call for help, and the dogs of the house came rushing out.",,
8.0,“Don’t speak to me!”,(8 -1),(8 -1),"“Ah,” said the Wolf as he galloped away,  “Enemies’ promises were made to be broken.",,
9.0,growled the Wolf.,"(9, -1)","(9, -1)",,,
10.0,“I have lost my supper just because I believed what a Nurse said to a Baby.”,"(10, -1)","(10, -1)",,,
