Unnamed: 0,sent1,manual_alignments,manual_alignments_1_1,sent2,chat_gpt_alignments,alignment_tool_alignments
0.0,A Giant Oak stood near a brook in which grew some slender Reeds.,"(0, -1)","(0, -1)","An Oak that grew on the bank of a river was uprooted by a severegale of wind, and thrown across the stream.","(0, 1)
(1, 0)
(2, 2)
(3, 1)
(4, 2)
(5, 2)
(9, 2)
(11, 2)
(13, 2)",
1.0,"When the wind blew, the great Oak stood proudly upright with itshundred arms uplifted to the sky.","(1, -1)","(1, -1)","It fell among some Reedsgrowing by the water, and said to them, ""How is it that you, who areso frail and slender, have managed to weather the storm, whereas I,with all my strength, have been torn up by the roots and hurled intothe river?""",,
2.0,But the Reeds bowed low in thewind and sang a sad and mournful song.,"(2, -1)","(2, -1)","""You were stubborn,"" came the reply, ""and fought againstthe storm, which proved stronger than you: but we bow and yield toevery breeze, and thus the gale passed harmlessly over our heads.""",,
3.0,"""You have reason to complain,"" said the Oak.","(3, -1)","(3, -1)",,,
4.0,"""The slightestbreeze that ruffles the surface of the water makes you bow yourheads, while I, the mighty Oak, stand upright and firm before thehowling tempest.","(4, -1)","(4, -1)",,,
5.0,"""""Do not worry about us,"" replied the Reeds.","(5, -1)","(5, -1)",,,
6.0,"""The winds do notharm us.","(6, -1)","(6, -1)",,,
7.0,We bow before them and so we do not break.,"(7, 2)","(7, -1)",,,
8.0,"You, in allyour pride and strength, have so far resisted their blows.","(8, 2)","(8, 2)",,,
9.0,Butthe end is coming.,"(9, -1)","(9, -1)",,,
10.0,"""As the Reeds spoke a great hurricane rushed out of the north.","(10, 0)","(10, 0)",,,
11.0,"TheOak stood proudly and fought against the storm, while theyielding Reeds bowed low.","(11, -1)","(11, -1)",,,
12.0,"The wind redoubled in fury, and all atonce the great tree fell, torn up by the roots, and lay among thepitying Reeds._Better to yield when it is folly to resist, than to resiststubbornly and be destroyed._","(12, 2)","(12, 2)",,,
