Unnamed: 0,sent1,manual_alignments,manual_alignments_1_1,sent2,chat_gpt_alignments,alignment_tool_alignments
0.0,ONCE there was a beautiful Hound.,"(0, -1)","(0, -1)","A Hound who had served his master well for years, and had run down many a quarry in his time, began to lose his strength and speed owing to age.","(0, 0)
(1, 3)
(2, 1)
(3, 2)
(4, 2)
(6, 3)",
1.0,"He had long, silky ears and a smooth, bright skin; and he was not only beautiful but strong and swift, and a faithful servant.","(1, -1)","(1, -1)","One day, when out hunting, his master started a powerful wild boar and set the Hound at him.",,
2.0,"Whenever his master went hunting, the Hound went with him and chased the deer.","(2, 0)","(2, -1)","The latter seized the beast by the ear, but his teeth were gone and he could not retain his hold; so the boar escaped.",,
3.0,"After many years the Hound grew old and feeble, but still he followed his master, with the other dogs.  ","(3, 0)","(3, 0)","His master began to scold him severely, but the Hound interrupted him with these words: ""My will is as strong as ever, master, but my body is old and feeble.",,
4.0,"One day a stag had been chased till it was almost tired out, and the old Hound came up with it and seized it; but his teeth were old and broken and could not hold fast, so that the stag gave a sudden bound and got away.","(4, 2)","(4, 2)",You ought to honour me for what I have been instead of abusing me for what I am.,,
5.0,"Just then the master rode up, and seeing what had happened, was very angry.","(5, 3)","(5, 3)",,,
6.0,He took his whip to strike his faithful old Hound.,"(6, -1)","(6, -1)",,,
7.0,“Hold! hold!,"(7, -1)","(7, -1)",,,
8.0,"O dear Master,” said he, “do not strike me.","(8, -1)","(8, -1)",,,
9.0,I meant to do well.,"(9, 3)","(9, -1)",,,
10.0,It is not my fault that I am old.,"(10, 3)","(10, -1)",,,
11.0,"Remember what I have been, if you do not like me as I am now.”","(11, 4)","(11, 4)",,,
