Unnamed: 0,sent1,manual_alignments,manual_alignments_1_1,sent2,chat_gpt_alignments,alignment_tool_alignments
0.0,"A DOE, blind in one eye, used to graze as near as she could to the edge of a cliff, so that she might keep her blind eye to the water, while with the other she kept watch against the approach of hunters or hounds on the shore.  ","(0, 1)","(0, 1)","A Doe had had the misfortune to lose one of her eyes, and could not see any one approaching her on that side.","(0, 0)
(1, 1)
(2, 3)",
1.0,[Illustration],"(1, -1)","(1, -1)","So to avoid any danger she always used to feed on a high cliff near the sea, with her sound eye looking towards the land.",,
2.0,"Some boatmen sailing by saw her standing thus on the edge of a cliff, and finding that she did not perceive their approach, they came very close, and taking aim, shot her.  ","(2, 3)","(2, 3)","By this means she could see whenever the hunters approached her on land, and often escaped by this means.",,
3.0,"Finding herself wounded, she said, “O unhappy creature that I am, to take such care as I did against the dangers of the land, and then, after all, to find this seashore, to which I had come for safety, so much more perilous!","(3, -1)","(3, -1)","But the hunters found out that she was blind of one eye, and hiring a boat rowed under the cliff where she used to feed and shot her from the sea.",,
4.0,,,,"“Ah,” cried she with her dying voice,  “You cannot escape your fate.",,
