Unnamed: 0,sent1,manual_alignments,manual_alignments_1_1,sent2,chat_gpt_alignments,alignment_tool_alignments
0.0,The Owl always takes her sleep during the day.,"(0, -1)","(0, -1)","AN Owl, who was sitting in a hollow tree, dozing away a long summer afternoon, was much disturbed by a rogue of a Grasshopper, singing in the grass below.  ","(0, 0)
(1, 0)
(2, 0)
(4, 1)
(6, 1)
(8, 1)
(9, 1)
(10, 1)
(11, 2)
(12, 2)
(13, 2)
(14, 2)
(21, 7)
(22, 7)
(23, 8)",
1.0,"Then after sundown, when the rosy light fades from the sky and the shadows rise slowly through the wood, out she comes ruffling and blinking from the old hollow tree.","(1, 0)","(1, -1)","So far from moving away at the request of the Owl, or keeping quiet, the Grasshopper sang all the more, saying that honest people got their sleep at night.  ",,
2.0,"Now her weird ""hoo-hoo-hoo-oo-oo"" echoes through the quiet wood, and she begins her hunt for the bugs and beetles, frogs and mice she likes so well to eat.  ","(2, -1)","(2, -1)",[Illustration],,
3.0,"Now there was a certain old Owl who had become very cross and hard to please as she grew older, especially if anything disturbed her daily slumbers.","(3, -1)","(3, -1)","The Owl waited in silence for a while, and then artfully addressed the Grasshopper thus: “I suppose I ought to be angry with you, my dear, for I confess I would rather sleep than listen to your singing.",,
4.0,"One warm summer afternoon as she dozed away in her den in the old oak tree, a Grasshopper nearby began a joyous but very raspy song.","(4, 0)","(4, 0)","But if one cannot be allowed to sleep, it is something to be kept awake by such a pleasant little pipe as yours.",,
5.0,Out popped the old Owl's head from the opening in the tree that served her both for door and for window.,"(5, -1)","(5, -1)",And now it occurs to me that I have some delicious nectar with which to reward a musician who sings so sweetly.,,
6.0,"""Get away from here, sir,"" she said to the Grasshopper.","(6, -1)","(6, -1)","If you will take the trouble to come up, you shall have a drop.",,
7.0,"""Have you no manners?","(7, -1)","(7, -1)",It will clear your voice nicely.”,,
8.0,"You should at least respect my age and leave me to sleep in quiet!""  ","(8, 1)","(8, 1)","The silly Grasshopper came hopping up to the Owl, who at once caught and killed him, and so finished her nap in comfort",,
9.0,But the Grasshopper answered saucily that he had as much right to his place in the sun as the Owl had to her place in the old oak.,"(9, -1)","(9, -1)",,,
10.0,Then he struck up a louder and still more rasping tune.,"(10, -1)","(10, -1)",,,
11.0,[Illustration],"(11, -1)","(11, -1)",,,
12.0,"The wise old Owl knew quite well that it would do no good to argue with the Grasshopper, nor with anybody else for that matter.","(12, 3)","(12, -1)",,,
13.0,"Besides, her eyes were not sharp enough by day to permit her to punish the Grasshopper as he deserved.","(13, -1)","(13, -1)",,,
14.0,So she laid aside all hard words and spoke very kindly to him.,"(14, 3)","(14, 3)",,,
15.0,"""Well sir,"" she said, ""if I must stay awake, I am going to settle right down to enjoy your singing.","(15, 4)","(15, 4)",,,
16.0,"Now that I think of it, I have a wonderful wine here, sent me from Olympus, of which I am told Apollo drinks before he sings to the high gods.","(16, 5)","(16, 5)",,,
17.0,Please come up and taste this delicious drink with me.,"(17, 6)","(17, 6)",,,
18.0,"I know it will make you sing like Apollo himself.""  ","(18, 7)","(18, 7)",,,
19.0,The foolish Grasshopper was taken in by the Owl's flattering words.,"(19, -1)","(19, -1)",,,
20.0,"Up he jumped to the Owl's den, but as soon as he was near enough so the old Owl could see him clearly, she pounced upon him and ate him up.  ","(20, 8)","(20, 8)",,,
21.0,_Flattery is not a proof of true admiration.,"(21, -1)","(21, -1)",,,
22.0,_,"(22, -1)","(22, -1)",,,
23.0,_Do not let flattery throw you off your guard against an enemy._,"(23, -1)","(23, -1)",,,
