Unnamed: 0,sent1,manual_alignments,manual_alignments_1_1,sent2,chat_gpt_alignments,alignment_tool_alignments
0.0,"Two little Frogs were playing about at the edge of a pool when an Ox came down to the water to drink, and by accident trod on one of them and crushed the life out of him.","(0, 0)","(0, 0)","An Ox, as he was drinking at the water's edge, crushed a young Frog underfoot.","(0, 0)
(1, 1)
(2, 3)
(3, 4)
(4, 5)
(6, 5)",
1.0,"When the old Frog missed him, she asked his brother where he was.","(1, 2)","(1, 2)",When the mother Frog came to the spot (for she happened to be away at the time),,
2.0,"""He is dead, mother,"" said the little Frog; ""an enormous big creature with four legs came to our pool this morning and trampled him down in the mud.""","(2, 3)","(2, 3)",she asked his brothers where he was.,,
3.0,"""Enormous, was he?","(3, -1)","(3, -1)","""He is dead, mother,"" they said; ""a few minutes ago a great big four-legged thing came up and crushed him dead with his hoof.""",,
4.0,"Was he as big as this?"" said the Frog, puffing herself out to look as big as possible.","(4, 4)","(4, -1)",Thereupon the Frog began to puff herself out and ask whether the animal was as big as that.,,
5.0,"""Oh! yes, _much_ bigger,"" was the answer.","(5, -1)","(5, -1)","""Stop, mother, don't put yourself about,"" they said; ""you will burst in two long before you can make yourself the same size as that beast.",,
6.0,The Frog puffed herself out still more.,"(6, 4)","(6, 4)",,,
7.0,"""Was he as big as this?"" said she.","(7, 4)","(7, -1)",,,
8.0,"""Oh! yes, yes, mother, _MUCH_ bigger,"" said the little Frog.","(8, -1)","(8, -1)",,,
9.0,And yet again she puffed and puffed herself out till she was almost as round as a ball.,"(9, -1)","(9, -1)",,,
10.0,"""As big as...?""","(10, -1)","(10, -1)",,,
11.0,she began--but then she burst.,"(11, -1)","(11, -1)",,,
