Unnamed: 0,sent1,manual_alignments,manual_alignments_1_1,sent2,chat_gpt_alignments,alignment_tool_alignments
0.0,"AN Ox, grazing in a swampy meadow, chanced to set his foot among a number of young Frogs and trampled nearly all of them to death.","(0, 0)","(0, 0)","Two little Frogs were playing about at the edge of a pool when an Ox came down to the water to drink, and by accident trod on one of them and crushed the life out of him.","(0, 0)
(1, 1)
(2, 2)
(3, 3)
(4, 4)
(5, 5)
(7, 9)
(8, 11)",
1.0,One that escaped ran off to his mother with the dreadful news.,"(1, 1)","(1, 1)","When the old Frog missed him, she asked his brother where he was.",,
2.0,“It was a beast—such a big four-footed beast—that did it.”,"(2, 2)","(2, 2)","""He is dead, mother,"" said the little Frog; ""an enormous big creature with four legs came to our pool this morning and trampled him down in the mud.""",,
3.0,"“Big?” asked the old Frog, and she puffed herself out, “as big as this?”  ","(3, 3)","(3, 3)","""Enormous, was he?",,
4.0,"“A great deal bigger,” said the little one.  ","(4, 4)","(4, 4)","Was he as big as this?"" said the Frog, puffing herself out to look as big as possible.",,
5.0,"“Well, was it so big?”","(5, 5)","(5, 5)","""Oh! yes, _much_ bigger,"" was the answer.",,
6.0,and she swelled herself out yet more.,"(6, 6)","(6, 6)",The Frog puffed herself out still more.,,
7.0,"“Indeed, Mother, but it was; and if you were to burst yourself you would never reach half its size.”","(7, 8)","(7, 8)","""Was he as big as this?"" said she.",,
8.0,"Vexed that her child should disparage her powers, the Mother Frog made one more trial and burst herself indeed.","(8, 9)","(8, 9)","""Oh! yes, yes, mother, _MUCH_ bigger,"" said the little Frog.",,
9.0,,,,And yet again she puffed and puffed herself out till she was almost as round as a ball.,,
10.0,,,,"""As big as...?""",,
11.0,,,,she began--but then she burst.,,
