Unnamed: 0,sent1,manual_alignments,manual_alignments_1_1,sent2,chat_gpt_alignments,alignment_tool_alignments
0.0,"A FOWLER caught a Partridge, and was just going to kill it.  ","(0, 0)","(0, 0)","A Fowler caught a Partridge in his nets, and was just about to wring its neck when it made a piteous appeal to him to spare its life and said, ""Do not kill me, but let me live and I will repay you for your kindness by decoying other partridges into your nets.""","(0, 0)
(1, 0)
(3, 0)
(4, 1)
(5, 2)
(7, 2)",
1.0,"“Wait a moment,” said the Partridge; “don’t kill me.”  ","(1, 0)","(1, -1)","""No,"" said the Fowler, ""I will not spare you.",,
2.0,“Why not?” said the Fowler.,"(2, -1)","(2, -1)","I was going to kill you anyhow, and after that treacherous speech you thoroughly deserve your fate.",,
3.0,"“Because I like to live,” said the Partridge; “and, besides, if you let me go, I will bring some of my friends and neighbors here, and you can catch them, and that will be better than only one poor bird.”  ","(3, 0)","(3, -1)",,,
4.0,"“You are willing, then, that your friends and neighbors should die, to save your own life?” said the Fowler.","(4, 0)","(4, -1)",,,
5.0,“Wicked Partridge!,"(5, 1)","(5, 1)",,,
6.0,you have lived long enough.”,"(6, 1)","(6, 1)",,,
7.0,And he killed it,"(7, 2)","(7, 2)",,,
