Unnamed: 0,sent1,manual_alignments,manual_alignments_1_1,sent2,chat_gpt_alignments,alignment_tool_alignments
0.0,"A Peacock, puffed up with vanity, met a Crane one day, and to impress him spread his gorgeous tail in the Sun.  ","(0, 0)","(0, 0)",A Peacock taunted a Crane with the dullness of her plumage.,"(0, 0)
(1, 0)
(3, 1)
(6, 2)
(8, 2)",
1.0,"""Look,"" he said.","(1, 1)","(1, -1)","""Look at my brilliant colours,"" said she, ""and see how much finer they are than your poor feathers.""",,
2.0,"""What have you to compare with this?","(2, -1)","(2, -1)","""I am not denying,"" replied the Crane, ""that yours are far gayer than mine; but when it comes to flying I can soar into the clouds, whereas you are confined to the earth like any dunghill cock.",,
3.0,"I am dressed in all the glory of the rainbow, while your feathers are gray as dust!""  ","(3, 1)","(3, 1)",,,
4.0,The Crane spread his broad wings and flew up toward the sun.,"(4, 2)","(4, -1)",,,
5.0,"""Follow me if you can,"" he said.","(5, -1)","(5, -1)",,,
6.0,"But the Peacock stood where he was among the birds of the barnyard, while the Crane soared in freedom far up into the blue sky.  ","(6, 2)","(6, 2)",,,
7.0,_,"(7, -1)","(7, -1)",,,
8.0,"The useful is of much more importance and value, than the ornamental._","(8, -1)","(8, -1)",,,
