Unnamed: 0,sent1,manual_alignments,manual_alignments_1_1,sent2,chat_gpt_alignments,alignment_tool_alignments
0.0,"The Peacock was greatly discontented because he had not a beautiful voice like the nightingale, and he went and complained to Juno about it.","(0, 0)","(0, 0)",A Peacock once placed a petition before Juno desiring to have the voice of a nightingale in addition to his other attractions; but Juno refused his request.,"(0, 0)
(1, 1)
(2, 0)
(3, 2)
(5, 1)
(6, 1)",
1.0,"""The nightingale's song,"" said he, ""is the envy of all the birds; but whenever I utter a sound I become a laughing-stock.""","(1, -1)","(1, -1)","When he persisted, and pointed out that he was her favourite bird, she said:  “Be content with your lot; one cannot be first in everything.",,
2.0,"The goddess tried to console him by saying, ""You have not, it is true, the power of song, but then you far excel all the rest in beauty: your neck flashes like the emerald and your splendid tail is a marvel of gorgeous colour.""","(2, -1)","(2, -1)",,,
3.0,But the Peacock was not appeased.,"(3, -1)","(3, -1)",,,
4.0,"""What is the use,"" said he, ""of being beautiful, with a voice like mine?""","(4, -1)","(4, -1)",,,
5.0,"Then Juno replied, with a shade of sternness in her tones, ""Fate has allotted to all their destined gifts: to yourself beauty, to the eagle strength, to the nightingale song, and so on to all the rest in their degree; but you alone are dissatisfied with your portion.","(5, -1)","(5, -1)",,,
6.0,"Make, then, no more complaints.","(6, 1)","(6, 1)",,,
7.0,"For, if your present wish were granted, you would quickly find cause for fresh discontent.""","(7, -1)","(7, -1)",,,
