Unnamed: 0,sent1,manual_alignments,manual_alignments_1_1,sent2,chat_gpt_alignments,alignment_tool_alignments,2nd_manual_alignments
0.0,"THERE was once a Frog who made proclamation that he was a learned physician, able to heal all diseases.  ","(0, 0)","(0, 0)","Once upon a time a Frog came forth from his home in the marshes and proclaimed to all the world that he was a learned physician, skilled in drugs and able to cure all diseases.","(0, 0)
(1, 0)
(2, 1)
(3, 3)",,"(0, 0)"
1.0,"He went so far as to tell the beasts that it was their own fault that they were ill, since if they would but submit to his treatment, he would restore them to perfect health.  ","(1, 0)","(1, -1)","Among the crowd was a Fox, who called out, ""You a doctor!",,,"(1, -1)"
2.0,"A Fox, hearing it, asked: “How is it, since you can do such great things for others, you do not first try to mend your own ugly gait and your wrinkled skin?","(2, 2)","(2, 2)","Why, how can you set up to heal others when you cannot even cure your own lame legs and blotched and wrinkled skin?""  ",,,"(2, 2)"
3.0,They who assume to help others should first improve themselves.”,"(3, 3)","(3, 3)","Physician, heal thyself",,,"(3, 3)"
