Unnamed: 0,sent1,manual_alignments,manual_alignments_1_1,sent2,chat_gpt_alignments,alignment_tool_alignments
0.0,A Rat was traveling along the King's highway.,"(0, 0)","(0, -1)","A RAT, traveling on the highway, met a huge Elephant, bearing his royal master and the master’s favorite dog, cat, parrot, and monkey.","(0, 0)
(2, 2)
(3, 0)
(4, 0)
(6, 3)
(7, 11)
(8, 4)
(9, 3)
(10, 9)
(12, 11)
(15, 7)
(18, 12)",
1.0,"He was a very proud Rat, considering his small size and the bad reputation all Rats have.","(1, -1)","(1, -1)",Behind them came a retinue of servants and many courtiers.,,
2.0,"As Mr. Rat walked along--he kept mostly to the ditch--he noticed a great commotion up the road, and soon a grand procession came in view.","(2, 0)","(2, 0)","An admiring crowd followed the great beast and his attendants, so that the entire road was filled.  ",,
3.0,It was the King and his retinue.,"(3, 1)","(3, 1)","“How foolish you are,” said the Rat to the people, “to make such a fuss at seeing an elephant.",,
4.0,The King rode on a huge Elephant adorned with the most gorgeous trappings.,"(4, 0)","(4, -1)",Is it his great bulk that you so much admire?,,
5.0,With the King in his luxurious howdah were the royal Dog and Cat.,"(5, 0)","(5, -1)",Mere size is nothing.,,
6.0,A great crowd of people followed the procession.,"(6, 2)","(6, 2)","At most it can only frighten little girls and boys, and I can do that as well.",,
7.0,"They were so taken up with admiration of the Elephant, that the Rat was not noticed.","(7, -1)","(7, -1)",I am a beast as well as he.,,
8.0,His pride was hurt.,"(8, -1)","(8, -1)","I have as many legs, and ears, and eyes.",,
9.0,"""What fools!""","(9, 3)","(9, 3)","If you will take the trouble to compare us, you will see that I have finer parts.",,
10.0,he cried.,"(10, -1)","(10, -1)","What right, then, has he to take up all the highway, which belongs to me as well as to him?”  ",,
11.0,"""Look at me, and you will soon forget that clumsy Elephant!","(11, -1)","(11, -1)","At this moment, the Cat from her high place spied the Rat.",,
12.0,Is it his great size that makes your eyes pop out?,"(12, 4)","(12, 4)",She jumped to the ground and soon convinced him that he was not an Elephant,,
13.0,Or is it his wrinkled hide?,"(13, -1)","(13, -1)",,,
14.0,"Why, I have eyes and ears and as many legs as he!","(14, 8)","(14, 8)",,,
15.0,"I am of just as much importance, and""--  ","(15, 9)","(15, 9)",,,
16.0,"But just then the royal Cat spied him, and the next instant, the Rat knew he was _not_ quite so important as an Elephant.  ","(16, 11)","(16, 11)",,,
17.0,_,"(17, -1)","(17, -1)",,,
18.0,A resemblance to the great in some things does not make us great.,"(18, -1)","(18, -1)",,,
