Unnamed: 0,sent1,manual_alignments,manual_alignments_1_1,sent2,chat_gpt_alignments,alignment_tool_alignments
0.0,A Serpent had succeeded in surprising an Eagle and had wrapped himself around the Eagle's neck.,"(0, 0)","(0, 0)",An Eagle swooped down upon a Serpent and seized it in his talons with the intention of carrying it off and devouring it.,"(0, 0)
(1, 1)
(4, 5)
(5, 2)
(6, 3)
(10, 4)",
1.0,"The Eagle could not reach the Serpent, neither with beak nor claws.","(1, -1)","(1, -1)",But the Serpent was too quick for him and had its coils round him in a moment; and then there ensued a life-and-death struggle between the two.,,
2.0,Far into the sky he soared trying to shake off his enemy.,"(2, -1)","(2, -1)","A countryman, who was a witness of the encounter, came to the assistance of the Eagle, and succeeded in freeing him from the Serpent and enabling him to escape.",,
3.0,"But the Serpent's hold only tightened, and slowly the Eagle sank back to earth, gasping for breath.  ","(3, 1)","(3, 1)",In revenge the Serpent spat some of his poison into the man's drinking-horn.,,
4.0,A Countryman chanced to see the unequal combat.,"(4, 2)","(4, -1)","Heated with his exertions, the man was about to slake his thirst with a draught from the horn, when the Eagle knocked it out of his hand, and spilled its contents upon the ground.  ",,
5.0,In pity for the noble Eagle he rushed up and soon had loosened the coiling Serpent and freed the Eagle.,"(5, 2)","(5, 2)",One good turn deserves another.,,
6.0,The Serpent was furious.,"(6, 3)","(6, -1)",,,
7.0,He had no chance to bite the watchful Countryman.,"(7, -1)","(7, -1)",,,
8.0,"Instead he struck at the drinking horn, hanging at the Countryman's belt, and into it let fly the poison of his fangs.  ","(8, 3)","(8, 3)",,,
9.0,The Countryman now went on toward home.,"(9, -1)","(9, -1)",,,
10.0,"Becoming thirsty on the way, he filled his horn at a spring, and was about to drink.","(10, 4)","(10, 4)",,,
11.0,There was a sudden rush of great wings.,"(11, -1)","(11, -1)",,,
12.0,"Sweeping down, the Eagle seized the poisoned horn from out his savior's hands, and flew away with it to hide it where it could never be found.  ","(12, 4)","(12, -1)",,,
13.0,_,"(13, -1)","(13, -1)",,,
14.0,An act of kindness is well repaid.,"(14, 5)","(14, 5)",,,
