Unnamed: 0,sent1,manual_alignments,manual_alignments_1_1,sent2,chat_gpt_alignments,alignment_tool_alignments
0.0,"An Ass found a Lion's Skin, and dressed himself up in it.","(0, 1)","(0, 1)","""What pranks I shall play!""","(0, 1)
(1, 0)
(3, 4)",
1.0,"Then he went about frightening every one he met, for they all took him to be a lion, men and beasts alike, and took to their heels when they saw him coming.","(1, -1)","(1, -1)","thought the Ass, ""In this skin for a Lion to pass;""   ",,
2.0,"Elated by the success of his trick, he loudly brayed in triumph.","(2, -1)","(2, -1)","But he left one ear out,   And a hiding, no doubt, ""Lion"" had--on the skin of an Ass!  IMPOSTERS GENERALLY FORGET SOMETHING",,
3.0,"The Fox heard him, and recognised him at once for the Ass he was, and said to him, ""Oho, my friend, it's you, is it?","(3, -1)","(3, -1)",,,
4.0,"I, too, should have been afraid if I hadn't heard your voice.","(4, -1)","(4, -1)",,,
