Unnamed: 0,sent1,manual_alignments,manual_alignments_1_1,sent2,chat_gpt_alignments,alignment_tool_alignments
0.0,"In a spell of dry weather, when the Birds could find very little to drink, a thirsty Crow found a pitcher with a little water in it.","(0, 0)","(0, 0)",A CROW who was nearly perishing with thirst spied a pitcher with a little water in it.,"(0, 0)
(1, 1)
(2, 1)
(4, 4)
(7, 4)",
1.0,"But the pitcher was high and had a narrow neck, and no matter how he tried, the Crow could not reach the water.","(1, 1)","(1, 1)","Reaching down, he found the water so low that, stooping and straining as he might, he was unable to reach it with his beak.",,
2.0,The poor thing felt as if he must die of thirst.,"(2, -1)","(2, -1)",Thereupon he tried to overturn and break the Pitcher.,,
3.0,Then an idea came to him.,"(3, -1)","(3, -1)",This he was not strong enough to do.,,
4.0,"Picking up some small pebbles, he dropped them into the pitcher one by one.","(4, 4)","(4, 4)","At last, seeing some small pebbles, he brought a great many and dropped them one by one, and so raised the water to the brim and quenched his thirst",,
5.0,With each pebble the water rose a little higher until at last it was near enough so he could drink.,"(5, 4)","(5, -1)",,,
6.0,_,"(6, -1)","(6, -1)",,,
7.0,In a pinch a good use of our wits may help us out._,"(7, -1)","(7, -1)",,,
