Unnamed: 0,sent1,manual_alignments,manual_alignments_1_1,sent2,chat_gpt_alignments,alignment_tool_alignments
0.0,"A young fellow, who was very popular among his boon companions as a good spender, quickly wasted his fortune trying to live up to his reputation.","(0, 0)","(0, 0)","A YOUNG man who had been a great spendthrift, and had run through all the money he had inherited, and even sold all his outer clothing except his cloak, saw a Swallow skimming over the meadows in the early springtime and twittering gayly.","(0, 0)
(1, 1)
(3, 2)
(4, 4)
(6, 4)",
1.0,"Then one fine day in early spring he found himself with not a penny left, and no property save the clothes he wore.  ","(1, 0)","(1, -1)","Believing that summer was really come, he sold his cloak also.  ",,
2.0,"He was to meet some jolly young men that morning, and he was at his wits' end how to get enough money to keep up appearances.","(2, -1)","(2, -1)","The next day there happened to be a severe frost, and, shivering himself, he found the Swallow lying frozen and stiff upon the ground.  ",,
3.0,"Just then a Swallow flew by, twittering merrily, and the young man, thinking summer had come, hastened off to a clothes dealer, to whom he sold all the clothes he wore down to his very tunic.  ","(3, 1)","(3, 1)","“Unhappy bird,” he said, “had you not come before your time, I should not now be so wretched, and you might have escaped your fate.",,
4.0,"A few days later a change in weather brought a severe frost; and the poor swallow and that foolish young man in his light tunic, and with his arms and knees bare, could scarcely keep life in their shivering bodies.  ","(4, 2)","(4, 2)",A single swallow does not make a summer.”,,
5.0,_,"(5, -1)","(5, -1)",,,
6.0,One swallow does not make a summer._,"(6, 4)","(6, 4)",,,
