Unnamed: 0,sent1,manual_alignments,manual_alignments_1_1,sent2,chat_gpt_alignments,alignment_tool_alignments
0.0,The Birds and the Beasts declared war against each other.,"(0, 0)","(0, 0)",THERE was once a big battle between the Birds and the Beasts.,"(0, 0)
(1, 1)
(2, 2)
(3, 3)
(4, 4)
(6, 11)
(9, 8)
(11, 12)
(12, 7)
(13, 12)
(15, 10)
(16, 13)",
1.0,"No compromise was possible, and so they went at it tooth and claw.","(1, -1)","(1, -1)","Hesitating as to which to join, the Bat kept away from the contest and looked on till he thought the Beasts would win the day.  ",,
2.0,It is said the quarrel grew out of the persecution the race of Geese suffered at the teeth of the Fox family.,"(2, -1)","(2, -1)",Then he went among them.,,
3.0,"The Beasts, too, had cause for fight.","(3, -1)","(3, -1)","When they saw him, they said, “But you are a Bird.”  ",,
4.0,"The Eagle was constantly pouncing on the Hare, and the Owl dined daily on Mice.  ","(4, -1)","(4, -1)","“No, indeed,” said the Bat.",,
5.0,It was a terrible battle.,"(5, -1)","(5, -1)",“Look at my body covered with hair and at my mouth with its sharp teeth.”,,
6.0,Many a Hare and many a Mouse died.,"(6, -1)","(6, -1)","After a while, as the fight went on, the Birds began to have the best of it, and then away flew the Bat to their side.",,
7.0,Chickens and Geese fell by the score--and the victor always stopped for a feast.,"(7, -1)","(7, -1)",“What Beast comes here?” said the Birds.,,
8.0,Now the Bat family had not openly joined either side.,"(8, 2)","(8, 2)","“I am not a Beast,” said the Bat; “I am a Bird.",,
9.0,They were a very politic race.,"(9, -1)","(9, -1)",Look at my wings.,,
10.0,"So when they saw the Birds getting the better of it, they were Birds for all there was in it.","(10, 6)","(10, 6)",This is my battle as truly as it is yours.”,,
11.0,"But when the tide of battle turned, they immediately sided with the Beasts.  ","(11, -1)","(11, -1)",But the Birds would have nothing to do with him.,,
12.0,"When the battle was over, the conduct of the Bats was discussed at the peace conference.","(12, -1)","(12, -1)","And to this day the Bat seems ashamed to show himself in the daytime but hides in lonely places, away from all other creatures, and only flits about noiselessly in the dark, when both Birds and Beasts are asleep",,
13.0,"Such deceit was unpardonable, and Birds and Beasts made common cause to drive out the Bats.","(13, -1)","(13, -1)",,,
14.0,"And since then the Bat family hides in dark towers and deserted ruins, flying out only in the night.  ","(14, 12)","(14, 12)",,,
15.0,_,"(15, -1)","(15, -1)",,,
16.0,The deceitful have no friends.,"(16, -1)","(16, -1)",,,
