Unnamed: 0,sent1,manual_alignments,manual_alignments_1_1,sent2,chat_gpt_alignments,alignment_tool_alignments,2nd_manual_alignments
0.0,"A STAG, whose joints had become stiff with age, was at great pains to gather an abundant supply of food—enough, as he thought, for the remainder of his days.  ","(0, 0)","(0, 0)","A Stag fell sick and lay in a clearing in the forest, too weak to move from the spot.","(0, 0)
(1, 1)
(2, 1)
(3, 1)
(4, 2)
(5, 2)",,"(0, -1)"
1.0,"He stretched himself beside it, in a quiet, sunny corner of his pasture, and now dozing, now nibbling, was passing a happy old age.  ","(1, -1)","(1, -1)","When the news of his illness spread, a number of the other beasts came to inquire after his health, and they one and all nibbled a little of the grass that grew round the invalid till at last there was not a blade within his reach.",,,"(1, -1)"
2.0,"He had been a favorite among his companions, and they now came often, and in great numbers, to call upon him and wish him good luck.","(2, 1)","(2, 1)","In a few days he began to mend, but was still too feeble to get up and go in search of fodder; and thus he perished miserably of hunger owing to the thoughtlessness of his friends.",,,"(2, 1)"
3.0,"He made them welcome in a hospitable manner, and each, as often as he came, helped himself to a little of the food so abundantly provided.  ","(3, -1)","(3, -1)",,,,"(3, 1)"
4.0,"The end of the matter was, that the poor Stag died, not so much from either sickness or old age as from want of the food which his friends had eaten for him.","(4, 2)","(4, 2)",,,,"(4, 2)"
5.0,"Before doing a thing, it is well sometimes to consider, “What if every one should do it?","(5, -1)","(5, -1)",,,,"(5, -1)"
