Unnamed: 0,sent1,manual_alignments,manual_alignments_1_1,sent2,chat_gpt_alignments,alignment_tool_alignments
0.0,"A young fellow, who was very popular among his boon companions as a good spender, quickly wasted his fortune trying to live up to his reputation.","(0, 0)","(0, -1)","A Spendthrift, who had wasted his fortune, and had nothing left but the clothes in which he stood, saw a Swallow one fine day in early spring.","(0, 0)
(1, 1)
(2, 3)
(3, 4)
(4, 2)
(6, 5)",
1.0,"Then one fine day in early spring he found himself with not a penny left, and no property save the clothes he wore.  ","(1, 0)","(1, 0)","Thinking that summer had come, and that he could now do without his coat, he went and sold it for what it would fetch.",,
2.0,"He was to meet some jolly young men that morning, and he was at his wits' end how to get enough money to keep up appearances.","(2, -1)","(2, -1)","A change, however, took place in the weather, and there came a sharp frost which killed the unfortunate Swallow.",,
3.0,"Just then a Swallow flew by, twittering merrily, and the young man, thinking summer had come, hastened off to a clothes dealer, to whom he sold all the clothes he wore down to his very tunic.  ","(3, 1)","(3, 1)","When the Spendthrift saw its dead body he cried, ""Miserable bird!",,
4.0,"A few days later a change in weather brought a severe frost; and the poor swallow and that foolish young man in his light tunic, and with his arms and knees bare, could scarcely keep life in their shivering bodies.  ","(4, 2)","(4, 2)","Thanks to you I am perishing of cold myself.""  ",,
5.0,_,"(5, -1)","(5, -1)",One swallow does not make summer.,,
6.0,One swallow does not make a summer._,"(6, 5)","(6, 5)",,,
