Unnamed: 0,sent1,manual_alignments,manual_alignments_1_1,sent2,chat_gpt_alignments,alignment_tool_alignments
0.0,"A WISE Swallow, seeing a man sow seed in a field, went behind him and picked up one of the seeds to see what it was.  ","(0, 0)","(0, 0)",It happened that a Countryman was sowing some hemp seeds in a field where a Swallow and some other birds were hopping about picking up their food.,"(0, 0)
(1, 1)
(2, 3)
(4, 3)
(5, 6)
(6, 4)
(8, 4)",
1.0,She found that it was flax.,"(1, -1)","(1, -1)","“Beware of that man,” quoth the Swallow.",,
2.0,"“When this flax has grown,” she said to herself, “the man will make it into linen thread and use it to make nets for catching us Birds.”  ","(2, 3)","(2, 3)","“Why, what is he doing?” said the others.",,
3.0,"So she went to all the Birds and told them what she had discovered, begging them to come and help her eat up the flaxseed before it should sprout.","(3, -1)","(3, -1)","“That is hemp seed he is sowing; be careful to pick up every one of the seeds, or else you will repent it.”",,
4.0,"“This field,” she said, “is as much ours as it is his.","(4, -1)","(4, -1)","The birds paid no heed to the Swallow’s words, and by and by the hemp grew up and was made into cord, and of the cords nets were made, and many a bird that had despised the Swallow’s advice was caught in nets made out of that very hemp.",,
5.0,"And while one of us can do but little, all working together can quickly remove our danger.”  ","(5, -1)","(5, -1)",“What did I tell you?” said the Swallow.,,
6.0,But the Birds would not listen to her.,"(6, 4)","(6, 4)","Destroy the seed of evil, or it will grow up to your ruin",,
7.0,Not one of them could she persuade to help her pick up the seeds which the farmer had sown.,"(7, 4)","(7, -1)",,,
8.0,"By and by the flax sprang up, and the Swallow tried again to persuade the Birds to pull the young flax before it grew large.","(8, 4)","(8, -1)",,,
9.0,But they all made fun of her caution and let the flax keep growing.,"(9, 6)","(9, 6)",,,
10.0,"When she saw how heedless all the Birds were, the Swallow would have nothing more to do with them, but left the woods where they lived and came among men, building her nests in barns and along the eaves of houses","(10, -1)","(10, -1)",,,
