Unnamed: 0,sent1,manual_alignments,manual_alignments_1_1,sent2,chat_gpt_alignments,alignment_tool_alignments
0.0,THE Swallow and the Crow were once contending about their plumage.,"(0, -1)","(0, -1)",A Swallow was once boasting to a Crow about her birth.,"(0, 0)",
1.0,"The Crow finally put an end to the dispute by saying, “Your feathers are well enough now while it is warm, but mine protect me against the winter.","(1, -1)","(1, -1)","""I was once a princess,"" said she, ""the daughter of a King of Athens, but my husband used me cruelly, and cut out my tongue for a slight fault.",,
2.0,,,,"Then, to protect me from further injury, I was turned by Juno into a bird.""",,
3.0,,,,"""You chatter quite enough as it is,"" said the Crow.",,
4.0,,,,"""What you would have been like if you hadn't lost your tongue, I can't think.",,
