Unnamed: 0,sent1,manual_alignments,manual_alignments_1_1,sent2,chat_gpt_alignments,alignment_tool_alignments
0.0,A Town Mouse once visited a relative who lived in the country.,"(0, 0)","(0, 0)",Now you must know that a Town Mouse once upon a time went on a visit to his cousin in the country.,,
1.0,"For lunch the Country Mouse served wheat stalks, roots, and acorns, with a dash of cold water for drink.","(1, 1)","(1, 1)","He was rough and ready, this cousin, but he loved his town friend and made him heartily welcome.",,
2.0,"The Town Mouse ate very sparingly, nibbling a little of this and a little of that, and by her manner making it very plain that she ate the simple food only to be polite.  ","(2, 2)","(2, 2)","Beans and bacon, cheese and bread, were all he had to offer, but he offered them freely.",,
3.0,"After the meal the friends had a long talk, or rather the Town Mouse talked about her life in the city while the Country Mouse listened.","(3, 3)","(3, 3)","The Town Mouse rather turned up his long nose at this country fare, and said: “I cannot understand, Cousin, how you can put up with such poor food as this, but of course you cannot expect anything better in the country; come you with me and I will show you how to live.",,
4.0,They then went to bed in a cozy nest in the hedgerow and slept in quiet and comfort until morning.,"(4, -1)","(4, -1)",When you have been in town a week you will wonder how you could ever have stood a country life.”,,
5.0,In her sleep the Country Mouse dreamed she was a Town Mouse with all the luxuries and delights of city life that her friend had described for her.,"(5, 4)","(5, 4)",No sooner said than done: the two mice set off for the town and arrived at the Town Mouse’s residence late at night.,,
6.0,"So the next day when the Town Mouse asked the Country Mouse to go home with her to the city, she gladly said yes.  ","(6, 5)","(6, 5)","“You will want some refreshment after our long journey,” said the polite Town Mouse, and took his friend into the grand dining-room.",,
7.0,"When they reached the mansion in which the Town Mouse lived, they found on the table in the dining room the leavings of a very fine banquet.","(7, 6)","(7, 6)","There they found the remains of a fine feast, and soon the two mice were eating up jellies and cakes and all that was nice.",,
8.0,"There were sweetmeats and jellies, pastries, delicious cheeses, indeed, the most tempting foods that a Mouse can imagine.","(8, 7)","(8, 7)",Suddenly they heard growling and barking.,,
9.0,"But just as the Country Mouse was about to nibble a dainty bit of pastry, she heard a Cat mew loudly and scratch at the door.","(9, 8)","(9, 8)",“What is that?” said the Country Mouse.,,
10.0,"In great fear the Mice scurried to a hiding place, where they lay quite still for a long time, hardly daring to breathe.","(10, -1)","(10, -1)","“It is only the dogs of the house,” answered the other.",,
11.0,"When at last they ventured back to the feast, the door opened suddenly and in came the servants to clear the table, followed by the House Dog.  ","(11, -1)","(11, -1)",“Only!” said the Country Mouse.,,
12.0,The Country Mouse stopped in the Town Mouse's den only long enough to pick up her carpet bag and umbrella.,"(12, -1)","(12, -1)",“I do not like that music at my dinner.”,,
13.0,"""You may have luxuries and dainties that I have not,"" she said as she hurried away, ""but I prefer my plain food and simple life in the country with the peace and security that go with it.""  ","(13, 16)","(13, 16)","Just at that moment the door flew open, in came two huge mastiffs, and the two mice had to scamper down and run off.",,
14.0,_Poverty with security is better than plenty in the midst of fear and uncertainty._,"(14, -1)","(14, -1)","“Good-bye, Cousin,” said the Country Mouse.",,
15.0,,,,“What! going so soon?” said the other.,,
16.0,,,,"“Yes,” he replied;  “Better beans and bacon in peace than cakes and ale in fear.”",,
