Unnamed: 0,sent1,manual_alignments,manual_alignments_1_1,sent2,chat_gpt_alignments,alignment_tool_alignments
0.0,A Town Mouse once visited a relative who lived in the country.,"(0, 0)","(0, 0)","A Town Mouse and a Country Mouse were acquaintances, and the CountryMouse one day invited his friend to come and see him at his home inthe fields.","(0, 0)
(1, 0)
(2, 2)
(3, 4)
(4, 6)
(6, 1)
(7, 6)
(8, 6)
(9, 7)
(10, 7)
(11, 8)
(12, 12)
(13, 9)
(14, 10)",
1.0,"For lunch the Country Mouse served wheat stalks, roots, andacorns, with a dash of cold water for drink.","(1, 1)","(1, 1)","The Town Mouse came, and they sat down to a dinner ofbarleycorns and roots, the latter of which had a distinctly earthyflavour.",,
2.0,"The Town Mouse atevery sparingly, nibbling a little of this and a little of that,and by her manner making it very plain that she ate the simplefood only to be polite.","(2, 2)","(2, 2)","The fare was not much to the taste of the guest, andpresently he broke out with ""My poor dear friend, you live here nobetter than the ants.",,
3.0,"After the meal the friends had a long talk, or rather the TownMouse talked about her life in the city while the Country Mouselistened.","(3, -1)","(3, -1)","Now, you should just see how I fare!",,
4.0,They then went to bed in a cozy nest in the hedgerowand slept in quiet and comfort until morning.,"(4, -1)","(4, -1)",My larderis a regular horn of plenty.,,
5.0,In her sleep theCountry Mouse dreamed she was a Town Mouse with all the luxuriesand delights of city life that her friend had described for her.,"(5, 3)","(5, 3)","You must come and stay with me, andI promise you you shall live on the fat of the land.""",,
6.0,"So the next day when the Town Mouse asked the Country Mouse to gohome with her to the city, she gladly said yes.","(6, 5)","(6, 5)","So when hereturned to town he took the Country Mouse with him, and showed himinto a larder containing flour and oatmeal and figs and honey anddates.",,
7.0,"When they reached the mansion in which the Town Mouse lived, theyfound on the table in the dining room the leavings of a very finebanquet.","(7, -1)","(7, -1)","The Country Mouse had never seen anything like it, and sat downto enjoy the luxuries his friend provided: but before they had wellbegun, the door of the larder opened and some one came in.",,
8.0,"There were sweetmeats and jellies, pastries, deliciouscheeses, indeed, the most tempting foods that a Mouse canimagine.","(8, 6)","(8, 6)",The twoMice scampered off and hid themselves in a narrow and exceedinglyuncomfortable hole.,,
9.0,"But just as the Country Mouse was about to nibble adainty bit of pastry, she heard a Cat mew loudly and scratch atthe door.","(9, 7)","(9, 7)","Presently, when all was quiet, they ventured outagain; but some one else came in, and off they scuttled again.",,
10.0,"In great fear the Mice scurried to a hiding place,where they lay quite still for a long time, hardly daring tobreathe.","(10, 8)","(10, 8)",Thiswas too much for the visitor.,,
11.0,"When at last they ventured back to the feast, the dooropened suddenly and in came the servants to clear the table,followed by the House Dog.","(11, 9)","(11, 9)","""Good-bye,"" said he, ""I'm off.",,
12.0,The Country Mouse stopped in the Town Mouse's den only longenough to pick up her carpet bag and umbrella.,"(12, 10)","(12, 10)","You livein the lap of luxury, I can see, but you are surrounded by dangers;whereas at home I can enjoy my simple dinner of roots and corn inpeace.""",,
13.0,"""You may have luxuries and dainties that I have not,"" she said asshe hurried away, ""but I prefer my plain food and simple life inthe country with the peace and security that go with it.","(13, 12)","(13, 12)",,,
14.0,"""_Poverty with security is better than plenty in the midst of fearand uncertainty._","(14, -1)","(14, -1)",,,
