Unnamed: 0,sent1,manual_alignments,manual_alignments_1_1,sent2,chat_gpt_alignments,alignment_tool_alignments,2nd_manual_alignments
0.0,"A GREAT city was once besieged, and all its inhabitants were gathered together to consider by what means it might be protected from the enemy.  ","(0, 0)","(0, 0)",The citizens of a certain city were debating about the best material to use in the fortifications which were about to be erected for the greater security of the town.,"(0, 0)
(1, 1)
(2, 2)
(3, 3)
(4, 3)",,"(0, 0)"
1.0,A Bricklayer earnestly recommended bricks as the best materials for successful defense.,"(1, -1)","(1, -1)","A Carpenter got up and advised the use of wood, which he said was readily procurable and easily worked.",,,"(1, -1)"
2.0,A Carpenter with equal energy proposed timber as a preferable means of defense.,"(2, 1)","(2, 1)","A Stone-mason objected to wood on the ground that it was so inflammable, and recommended stones instead.",,,"(2, 1)"
3.0,"Hearing which, a Currier stood up and said, “Sirs, I differ with you wholly.","(3, -1)","(3, -1)","Then a Tanner got on his legs and said, ""In my opinion there's nothing like leather.""  ",,,"(3, -1)"
4.0,"There is no material for resistance equal to a covering of hides, and nothing in the present case so good as leather.”  ","(4, 3)","(4, 3)",Every man for himself,,,"(4, 3)"
5.0,Every man for his own trade.,"(5, 4)","(5, 4)",,,,"(5, 4)"
