Unnamed: 0,sent1,manual_alignments,manual_alignments_1_1,sent2,chat_gpt_alignments,alignment_tool_alignments
0.0,A Trumpeter marched into battle in the van of the army and put courage into his comrades by his warlike tunes.,"(0, 0)","(0, 0)",A Trumpeter during a battle ventured too near the enemy and was captured by them.,"(0, 0)
(1, 2)
(2, 1)



",
1.0,"Being captured by the enemy, he begged for his life, and said, ""Do not put me to death; I have killed no one: indeed, I have no weapons, but carry with me only my trumpet here.""","(1, 1)","(1, 1)",They were about to proceed to put him to death when he begged them to hear his plea for mercy.,,
2.0,"But his captors replied, ""That is only the more reason why we should take your life; for, though you do not fight yourself, you stir up others to do so.","(2, 3)","(2, 3)","“I do not fight,” said he, “and indeed carry no weapon; I only blow this trumpet, and surely that cannot harm you; then why should you kill me?”  ",,
3.0,,"(3, -1)","(3, -1)","“You may not fight yourself,” said the others, “but you encourage and guide your men to the fight.”  ",,
4.0,,"(4, -1)","(4, -1)",Words may be deeds,,
