Unnamed: 0,sent1,manual_alignments,manual_alignments_1_1,sent2,chat_gpt_alignments,alignment_tool_alignments
0.0,A Trumpeter during a battle ventured too near the enemy and was captured by them.,"(0, -1)","(0, -1)","A Trumpeter, prisoner made, Hoped his life would be spared when he said   He'd no part in the fight,   But they answered him--""Right,","(0, 0)
(1, 0)
(2, 1)
(3, 1)
(4, 1)",
1.0,They were about to proceed to put him to death when he begged them to hear his plea for mercy.,"(1, -1)","(1, -1)","But what of the music you made?""  SONGS MAY SERVE A CAUSE AS WELL AS SWORD",,
2.0,"“I do not fight,” said he, “and indeed carry no weapon; I only blow this trumpet, and surely that cannot harm you; then why should you kill me?”  ","(2, 0)","(2, 0)",,,
3.0,"“You may not fight yourself,” said the others, “but you encourage and guide your men to the fight.”  ","(3, 1)","(3, 1)",,,
4.0,Words may be deeds,"(4, -1)","(4, -1)",,,
