Unnamed: 0,sent1,manual_alignments,manual_alignments_1_1,sent2,chat_gpt_alignments,alignment_tool_alignments
0.0,ONCE there were two Frogs who were dear friends.,"(0, 0)","(0, 0)",Two Frogs were neighbours.,"(0, 0)
(1, 1)
(2, 2)
(3, 3)
(4, 4)
(6, 3)
(7, 0)
(8, 3)
(9, 2)
(11, 4)
(13, 4)
(14, 4)",
1.0,"One lived in a deep pond in the woods, where the trees hung over the water, and where no one came to disturb him.  ","(1, -1)","(1, -1)","One lived in a marsh, where there was plenty of water, which frogs love: the other in a lane some distance away, where all the water to be had was that which lay in the ruts after rain.",,
2.0,The other lived in a small pool.,"(2, -1)","(2, -1)","The Marsh Frog warned his friend and pressed him to come and live with him in the marsh, for he would find his quarters there far more comfortable and--what was still more important--more safe.",,
3.0,"This was not a good place for a Frog, or any one else, to live in, for the country road passed through the pool, and all the horses and wagons had to go that way, so that it was not quiet like the pond, and the horses made the water muddy and foul.  ","(3, -1)","(3, -1)","But the other refused, saying that he could not bring himself to move from a place to which he had become accustomed.",,
4.0,"One day the Frog from the pond said to the other, “Do come and live with me; I have plenty of food and water, and nothing to disturb me; and it is so pleasant in my pond.","(4, 2)","(4, 2)","A few days afterwards a heavy waggon came down the lane, and he was crushed to death under the wheels",,
5.0,"Now here there is very little food, and not much water, and the road passes through your pool, so that you must always be afraid of passers-by.”  ","(5, -1)","(5, -1)",,,
6.0,"“Thank you,” said the other Frog; “you are very kind, but I am quite content here.","(6, 3)","(6, 3)",,,
7.0,"There is water enough; those who pass never trouble me; and as to food, I had a good dinner day before yesterday.","(7, -1)","(7, -1)",,,
8.0,"I am used to this place, you know, and do not like change.","(8, -1)","(8, -1)",,,
9.0,But come and see me as often as you can.”,"(9, -1)","(9, -1)",,,
10.0,"The next time the Frog from the pond came to visit his friend, he could not find him.  ","(10, -1)","(10, -1)",,,
11.0,"“Too late!” sang a Bird, who lived in a tree that overhung the pool.  ","(11, -1)","(11, -1)",,,
12.0,“What do you mean?” said the Frog.,"(12, -1)","(12, -1)",,,
13.0,“Dead and gone!” said the Bird.,"(13, -1)","(13, -1)",,,
14.0,"“Run over by a wagon and killed, two days ago, and a big Hawk came and carried him off.”  ","(14, -1)","(14, -1)",,,
15.0,"“Alas! if he had only taken my advice, he might have been well and happy now,” said the Frog, as he turned sadly towards home; “but he would have his way, and I have lost my friend.”","(15, -1)","(15, -1)",,,
