Unnamed: 0,sent1,manual_alignments,manual_alignments_1_1,sent2,chat_gpt_alignments,alignment_tool_alignments
0.0,"Two Goats, frisking gayly on the rocky steeps of a mountain valley, chanced to meet, one on each side of a deep chasm through which poured a mighty mountain torrent.","(0, 0)","(0, 0)","TWO Goats started at the same moment, from opposite ends, to cross a rude bridge that was only wide enough for one to cross at a time.  ","(0, 0)
(1, 0)
(3, 1)
(4, 1)
(7, 1)
(10, 2)",
1.0,"The trunk of a fallen tree formed the only means of crossing the chasm, and on this not even two squirrels could have passed each other in safety.","(1, -1)","(1, -1)","Meeting at the middle of the bridge, neither would yield to the other.",,
2.0,The narrow path would have made the bravest tremble.,"(2, -1)","(2, -1)","They locked horns and fought for the right of way, until both fell into the torrent below and were drowned.",,
3.0,Not so our Goats.,"(3, -1)","(3, -1)",,,
4.0,Their pride would not permit either to stand aside for the other.,"(4, 1)","(4, 1)",,,
5.0,One set her foot on the log.,"(5, -1)","(5, -1)",,,
6.0,The other did likewise.,"(6, -1)","(6, -1)",,,
7.0,In the middle they met horn to horn.,"(7, 2)","(7, -1)",,,
8.0,"Neither would give way, and so they both fell, to be swept away by the roaring torrent below.  ","(8, 2)","(8, 2)",,,
9.0,_,"(9, -1)","(9, -1)",,,
10.0,It is better to yield than to come to misfortune through stubbornness.,"(10, -1)","(10, -1)",,,
11.0,_,,,,,
