Unnamed: 0,sent1,manual_alignments,manual_alignments_1_1,sent2,chat_gpt_alignments,alignment_tool_alignments
0.0,"A RIVER carried down, in its stream, two Pots, one made of Earthenware and the other of Brass.  ","(0, 0)","(0, 0)","Two Pots had been left on the bank of a river, one of brass, and one of earthenware.","(0, 0)
(1, 2)
(3, 4)
(4, 1)
(5, 3)",
1.0,The Brass Pot was disposed to be social.,"(1, -1)","(1, -1)",When the tide rose they both floated off down the stream.,,
2.0,"“Since we must be companions, let us be friendly,” he said.","(2, 2)","(2, -1)","Now the earthenware pot tried its best to keep aloof from the brass one, which cried out: “Fear nothing, friend, I will not strike you.”  ",,
3.0,“In union is strength.,"(3, -1)","(3, -1)","“But I may come in contact with you,” said the other, “if I come too close; and whether I hit you, or you hit me, I shall suffer for it.”  ",,
4.0,"Though we are carried away against our will, it is of no use to repine.","(4, -1)","(4, -1)",The strong and the weak cannot keep company.,,
5.0,We may yet see much good.”,"(5, -1)","(5, -1)",,,
6.0,But the Earthen Pot said: “I beg you not to come so near me.,"(6, 2)","(6, 2)",,,
7.0,"I am as much afraid of you as of the river; for if you do but touch me ever so slightly, I shall be sure to break.","(7, 3)","(7, 3)",,,
8.0,To be really social and friendly people must have ways and needs in common.”,"(8, -1)","(8, -1)",,,
