Unnamed: 0,sent1,manual_alignments,manual_alignments_1_1,sent2,chat_gpt_alignments,alignment_tool_alignments
0.0,"Two Pots, one of brass and the other of clay, stood together on the hearthstone.","(0, 0)","(0, 0)","A RIVER carried down, in its stream, two Pots, one made of Earthenware and the other of Brass.  ","(0, 0)
(1, 1)
(2, 8)
(3, 3)
(4, 5)
(6, 7)
(9, 2)
(10, 6)
(12, 4)



",
1.0,One day the Brass Pot proposed to the Earthen Pot that they go out into the world together.,"(1, -1)","(1, -1)",The Brass Pot was disposed to be social.,,
2.0,"But the Earthen Pot excused himself, saying that it would be wiser for him to stay in the corner by the fire.  ","(2, -1)","(2, -1)","“Since we must be companions, let us be friendly,” he said.",,
3.0,"""It would take so little to break me,"" he said.","(3, -1)","(3, -1)",“In union is strength.,,
4.0,"""You know how fragile I am.","(4, 7)","(4, 7)","Though we are carried away against our will, it is of no use to repine.",,
5.0,"The least shock is sure to shatter me!""  ","(5, -1)","(5, -1)",We may yet see much good.”,,
6.0,"""Don't let that keep you at home,"" urged the Brass Pot.","(6, -1)","(6, -1)",But the Earthen Pot said: “I beg you not to come so near me.,,
7.0,"""I shall take very good care of you.","(7, -1)","(7, -1)","I am as much afraid of you as of the river; for if you do but touch me ever so slightly, I shall be sure to break.",,
8.0,"If we should happen to meet anything hard I will step between and save you.""  ","(8, -1)","(8, -1)",To be really social and friendly people must have ways and needs in common.”,,
9.0,"So the Earthen Pot at last consented, and the two set out side by side, jolting along on three stubby legs first to this side, then to that, and bumping into each other at every step.  ","(9, -1)","(9, -1)",,,
10.0,The Earthen Pot could not survive that sort of companionship very long.,"(10, -1)","(10, -1)",,,
11.0,"They had not gone ten paces before the Earthen Pot cracked, and at the next jolt he flew into a thousand pieces.  ","(11, -1)","(11, -1)",,,
12.0,_Equals make the best friends.,"(12, 8)","(12, 8)",,,
