Unnamed: 0,sent1,manual_alignments,manual_alignments_1_1,sent2,chat_gpt_alignments,alignment_tool_alignments
0.0,"Two Pots, one of brass and the other of clay, stood together on the hearthstone.","(0, 0)","(0, 0","Two Pots, one of earthenware and the other of brass, were carried away down a river in flood.","(0, 0)
(1, 1)
(2, 2)
(4, 4)
(8, 1)
(9, 2)
(11, 3)
(12, 4)",
1.0,One day the Brass Pot proposed to the Earthen Pot that they go out into the world together.,"(1, -1)","(1, -1)","The Brazen Pot urged his companion to keep close by his side, and he would protect him.",,
2.0,"But the Earthen Pot excused himself, saying that it would be wiser for him to stay in the corner by the fire.  ","(2, -1)","(2, -1)","The other thanked him, but begged him not to come near him on any account: ""For that,"" he said, ""is just what I am most afraid of.",,
3.0,"""It would take so little to break me,"" he said.","(3, -1)","(3, -1)","One touch from you and I should be broken in pieces.""  ",,
4.0,"""You know how fragile I am.","(4, 3)","(4, 3)",Equals make the best friends,,
5.0,"The least shock is sure to shatter me!""  ","(5, -1)","(5, -1)",,,
6.0,"""Don't let that keep you at home,"" urged the Brass Pot.","(6, -1)","(6, -1)",,,
7.0,"""I shall take very good care of you.","(7, 1)","(7, -1)",,,
8.0,"If we should happen to meet anything hard I will step between and save you.""  ","(8, 1)","(8, 1)",,,
9.0,"So the Earthen Pot at last consented, and the two set out side by side, jolting along on three stubby legs first to this side, then to that, and bumping into each other at every step.  ","(9, -1)","(9, -1)",,,
10.0,The Earthen Pot could not survive that sort of companionship very long.,"(10, -1)","(10, -1)",,,
11.0,"They had not gone ten paces before the Earthen Pot cracked, and at the next jolt he flew into a thousand pieces.  ","(11, -1)","(11, -1)",,,
12.0,_Equals make the best friends.,"(12, 4)","(12, 4)",,,
