Unnamed: 0,sent1,manual_alignments,manual_alignments_1_1,sent2,chat_gpt_alignments,alignment_tool_alignments
0.0,"Jupiter announced that he intended to appoint a king over the birds, and named a day on which they were to appear before his throne, when he would select the most beautiful of them all to be their ruler.","(0, -1)","(0, -1)","""Fine feathers,"" Jack thought, ""make fine fowls; I'll be envied of bats & of owls:""   But the peacocks' proud eyes   Saw through his disguise, And Jack fled the assembly of fowls.  ","(0, 1)
(1, 0)
(2, 1)
(3, 1)",
1.0,"Wishing to look their best on the occasion they repaired to the banks of a stream, where they busied themselves in washing and preening their feathers.","(1, 0)","(1, 0)",BORROWED PLUMES ARE SOON DISCOVERED,,
2.0,"The Jackdaw was there along with the rest, and realised that, with his ugly plumage, he would have no chance of being chosen as he was: so he waited till they were all gone, and then picked up the most gaudy of the feathers they had dropped, and fastened them about his own body, with the result that he looked gayer than any of them.","(2, -1)","(2, -1)",,,
3.0,"When the appointed day came, the birds assembled before Jupiter's throne; and, after passing them in review, he was about to make the Jackdaw king, when all the rest set upon the king-elect, stripped him of his borrowed plumes, and exposed him for the Jackdaw that he was.","(3, 1)","(3, 1)",,,
