Unnamed: 0,sent1,manual_alignments,manual_alignments_1_1,sent2,chat_gpt_alignments,alignment_tool_alignments
0.0,"JUPITER having determined, it is said, to appoint a sovereign over the birds, proclamation was made that on a certain day the candidates should present themselves before him, and he would choose the most beautiful to be king.  ","(0, -1)","(0, -1)","""Fine feathers,"" Jack thought, ""make fine fowls; I'll be envied of bats & of owls:""   But the peacocks' proud eyes   Saw through his disguise, And Jack fled the assembly of fowls.  ","(0, 1)
(1, 0)",
1.0,"The Jackdaw, knowing his own ugliness, yet wishing to rule over the birds, searched through woods and fields for feathers which had fallen from the wings of his companions, and stuck them all over his body.  ","(1, -1)","(1, -1)",BORROWED PLUMES ARE SOON DISCOVERED,,
2.0,"When the appointed day arrived, and the birds had assembled, the Jackdaw made his appearance in his many-feathered finery, and Jupiter proposed to make him king.  ","(2, 0)","(2, 0)",,,
3.0,"Upon seeing this, the other birds were indignant, and each plucking from the Jackdaw his own kind of feathers, they left the proposed king a plain Jackdaw with no claim to superior beauty.","(3, -1)","(3, -1)",,,
