Unnamed: 0,sent1,manual_alignments,manual_alignments_1_1,sent2,chat_gpt_alignments,alignment_tool_alignments
0.0,THE North Wind and the Sun once fell into a dispute as to which was the stronger of the two.,"(0, -1)","(0, -1)","The Wind and the Sun had a bet, The wayfarers' cloak which should get:   Blew the Wind--the cloak clung:   Shone the Sun--the cloak flung Showed the Sun had the best of it yet.  ","(0, 0)
(1, 1)
(2, 0)
(3, 1)
(4, 0)
(5, 1)
(7, 1)
(8, 1)
(9, 1)",
1.0,"They related their most famous exploits, and each ended as he began, by thinking he had the greater power.  ","(1, -1)","(1, -1)",TRUE STRENGTH IS NOT BLUSTE,,
2.0,"Just then a traveler came in sight, and they agreed to test the matter by trying to see which of them could soonest make the traveler remove his cloak.  ","(2, -1)","(2, -1)",,,
3.0,"The boastful North Wind was the first to try, the Sun meanwhile watching behind a gray cloud.","(3, -1)","(3, -1)",,,
4.0,"He blew a furious blast and nearly tore the cloak from its fastenings; but the Man only held his cloak more closely, and old Boreas spent his strength in vain.  ","(4, -1)","(4, -1)",,,
5.0,"Mortified by his failure to do so simple a thing, the Wind withdrew at last in despair.","(5, -1)","(5, -1)",,,
6.0,"“I don’t believe you can do it, either,” he said.  ","(6, -1)","(6, -1)",,,
7.0,"Then out came the kindly Sun in all his splendor, dispelling the clouds that had gathered and sending his warmest rays down upon the traveler’s head.  ","(7, -1)","(7, -1)",,,
8.0,"The Man looked up gratefully, but, growing faint with sudden heat, he quickly flung aside his cloak, and hastened for comfort to the nearest shade.  ","(8, -1)","(8, -1)",,,
9.0,Persuasion is often better than force,"(9, -1)","(9, -1)",,,
