Unnamed: 0,sent1,manual_alignments,manual_alignments_1_1,sent2,chat_gpt_alignments,alignment_tool_alignments,2nd_manual_alignments
0.0,The Wind and the Sun were disputing which was the stronger.,"(0, -1)","(0, -1)","The Wind and the Sun had a bet, The wayfarers' cloak which should get:   Blew the Wind--the cloak clung:   Shone the Sun--the cloak flung Showed the Sun had the best of it yet.  ","(0, 0)
(1, 0)
(2, 0)
(3, 0)
(4, 1)
(6, 1)",,"(0, -1)"
1.0,"Suddenly they saw a traveller coming down the road, and the Sun said: “I see a way to decide our dispute.","(1, -1)","(1, -1)",TRUE STRENGTH IS NOT BLUSTE,,,"(1, -1)"
2.0,Whichever of us can cause that traveller to take off his cloak shall be regarded as the stronger.,"(2, -1)","(2, -1)",,,,"(2, 0)"
3.0,You begin.”,"(3, -1)","(3, -1)",,,,"(3, -1)"
4.0,"So the Sun retired behind a cloud, and the Wind began to blow as hard as it could upon the traveller.","(4, -1)","(4, -1)",,,,"(4, 0)"
5.0,"But the harder he blew the more closely did the traveller wrap his cloak round him, till at last the Wind had to give up in despair.","(5, 0)","(5, -1)",,,,"(5, 0)"
6.0,"Then the Sun came out and shone in all his glory upon the traveller, who soon found it too hot to walk with his cloak on.  ","(6, 0)","(6, 0)",,,,"(6, 0)"
7.0,Kindness effects more than severity.,"(7, -1)","(7, -1)",,,,"(7, -1)"
