Unnamed: 0,sent1,manual_alignments,manual_alignments_1_1,sent2,chat_gpt_alignments,alignment_tool_alignments
0.0,A Wolf had stolen a Lamb and was carrying it off to his lair to eat it.,"(0, 0)","(0, -1)","A wolf stole a lamb from the flock, and was carrying it off to devour it at his leisure when he met a Lion, who took his prey away from him and walked off with it.","(0, 0)
(1, 1)
(2, 1)
(3, 2)
(4, 2)
(5, 3)",
1.0,"But his plans were very much changed when he met a Lion, who, without making any excuses, took the Lamb away from him.  ","(1, 0)","(1, 0)","He dared not resist, but when the Lion had gone some distance he said, ""It is most unjust of you to take what's mine away from me like that.""",,
2.0,"The Wolf made off to a safe distance, and then said in a much injured tone:  ""You have no right to take my property like that!""  ","(2, 1)","(2, 1)","The Lion laughed and called out in reply, ""It was justly yours, no doubt!",,
3.0,"The Lion looked back, but as the Wolf was too far away to be taught a lesson without too much inconvenience, he said:  ""Your property?","(3, 2)","(3, 2)","The gift of a friend, perhaps, eh?",,
4.0,"Did you buy it, or did the Shepherd make you a gift of it?","(4, 3)","(4, 3)",,,
5.0,"Pray tell me, how did you get it?""  _","(5, -1)","(5, -1)",,,
6.0,What is evil won is evil lost.,"(6, -1)","(6, -1)",,,
