Unnamed: 0,sent1,manual_alignments,manual_alignments_1_1,sent2,chat_gpt_alignments,alignment_tool_alignments,2nd_manual_alignments
0.0,"A WOLF had a bone in his throat and ran up and down in the greatest agony, begging every animal he met to relieve him, hinting at the same time that there would be a substantial reward.","(0, 0)","(0, 0)",A Wolf once got a bone stuck in his throat.,"(0, 0)
(1, 1)
(2, 3)
(3, 5)",,"(0, 0)"
1.0,"A Crane, moved by his entreaties, ventured her long neck down the Wolf’s throat and drew forth the bone.","(1, 3)","(1, 3)",So he went to a Crane and begged her to put her long bill down his throat and pull it out.,,,"(1, 3)"
2.0,"When she had done it, she modestly asked for the promised reward.","(2, 4)","(2, 4)","""I'll make it worth your while,"" he added.",,,"(2, 4)"
3.0,"To which the Wolf, grinning and showing his teeth, replied, “Ungrateful creature, is it not enough that you have had your head in a Wolf’s mouth and brought it out safe?”","(3, 5)","(3, 5)","The Crane did as she was asked, and got the bone out quite easily.",,,"(3, 5)"
4.0,,,,"The Wolf thanked her warmly, and was just turning away, when she cried, ""What about that fee of mine?""",,,
5.0,,,,"""Well, what about it?"" snapped the Wolf, baring his teeth as he spoke; ""you can go about boasting that you once put your head into a Wolf's mouth and didn't get it bitten off.",,,
6.0,,,,What more do you want?,,,
