Unnamed: 0,sent1,manual_alignments,manual_alignments_1_1,sent2,chat_gpt_alignments,alignment_tool_alignments
0.0,A Wolf had been hurt in a fight with a Bear.,"(0, 0)","(0, -1)","A WOLF, that had been bitten by a dog and was unable to move, begged a Sheep that passed by to take pity on his sad case and fetch him some water from a stream.","(0, 0)
(1, 1)
(2, 0)
(3, 0)
(5, 2)
(9, 1)",
1.0,He was unable to move and could not satisfy his hunger and thirst.,"(1, 0)","(1, -1)","“If you will bring me a drink,” said he, “I will find meat myself.”  ",,
2.0,"A Sheep passed by near his hiding place, and the Wolf called to him.  ","(2, 0)","(2, 0)","“Yes,” said the Sheep, “I make no doubt of it; for if I come near enough to give you the drink, you will make mincemeat of _me_.”",,
3.0,"""Please fetch me a drink of water,"" he begged, ""that might give me strength enough so I can get me some solid food.""  ","(3, 0)","(3, -1)",,,
4.0,"""Solid food!"" said the Sheep.","(4, -1)","(4, -1)",,,
5.0,"""That means me, I suppose.","(5, 2)","(5, 2)",,,
6.0,"If I should bring you a drink, it would only serve to wash me down your throat.","(6, 1)","(6, 1)",,,
7.0,"Don't talk to me about a drink!""  ","(7, -1)","(7, -1)",,,
8.0,_,"(8, -1)","(8, -1)",,,
9.0,A knave's hypocrisy is easily seen through.,"(9, -1)","(9, -1)",,,
