Unnamed: 0,sent1,manual_alignments,manual_alignments_1_1,sent2,chat_gpt_alignments,alignment_tool_alignments
0.0,A stray Lamb stood drinking early one morning on the bank of a woodland stream.,"(0, -1)","(0, -1)","A Wolf came upon a Lamb straying from the flock, and felt some compunction about taking the life of so helpless a creature without some plausible excuse; so he cast about for a grievance and said at last, ""Last year, sirrah, you grossly insulted me.""","(0, 0)
(1, 0)
(3, 1)
(7, 1)
(8, 2)
(11, 3)
(12, 0)
(14, 1)
(16, 2)
(18, 6)
(21, 4)
(22, 3)",
1.0,"That very same morning a hungry Wolf came by farther up the stream, hunting for something to eat.","(1, -1)","(1, -1)","""That is impossible, sir,"" bleated the Lamb, ""for I wasn't born then.""",,
2.0,He soon got his eyes on the Lamb.,"(2, -1)","(2, -1)","""Well,"" retorted the Wolf, ""you feed in my pastures.""",,
3.0,"As a rule Mr. Wolf snapped up such delicious morsels without making any bones about it, but this Lamb looked so very helpless and innocent that the Wolf felt he ought to have some kind of an excuse for taking its life.  ","(3, 0)","(3, 0)","""That cannot be,"" replied the Lamb, ""for I have never yet tasted grass.""",,
4.0,"""How dare you paddle around in my stream and stir up all the mud!""","(4, -1)","(4, -1)","""You drink from my spring, then,"" continued the Wolf.",,
5.0,he shouted fiercely.,"(5, -1)","(5, -1)","""Indeed, sir,"" said the poor Lamb, ""I have never yet drunk anything but my mother's milk.""",,
6.0,"""You deserve to be punished severely for your rashness!""  ","(6, -1)","(6, -1)","""Well, anyhow,"" said the Wolf, ""I'm not going without my dinner"": and he sprang upon the Lamb and devoured it without more ado",,
7.0,"""But, your highness,"" replied the trembling Lamb, ""do not be angry!","(7, -1)","(7, -1)",,,
8.0,I cannot possibly muddy the water you are drinking up there.,"(8, -1)","(8, -1)",,,
9.0,"Remember, you are upstream and I am downstream.""  ","(9, -1)","(9, -1)",,,
10.0,"""You _do_ muddy it!""","(10, -1)","(10, -1)",,,
11.0,retorted the Wolf savagely.,"(11, -1)","(11, -1)",,,
12.0,"""And besides, I have heard that you told lies about me last year!""  ","(12, 0)","(12, -1)",,,
13.0,"""How could I have done so?"" pleaded the Lamb.","(13, 1)","(13, 1)",,,
14.0,"""I wasn't born until this year.""  ","(14, 1)","(14, -1)",,,
15.0,"""If it wasn't you, it was your brother!""  ","(15, -1)","(15, -1)",,,
16.0,"""I have no brothers.""  ","(16, -1)","(16, -1)",,,
17.0,"""Well, then,"" snarled the Wolf, ""It was someone in your family anyway.","(17, -1)","(17, -1)",,,
18.0,"But no matter who it was, I do not intend to be talked out of my breakfast.""  ","(18, 6)","(18, -1)",,,
19.0,And without more words the Wolf seized the poor Lamb and carried her off to the forest.,"19, 6)","19, 6)",,,
20.0,_,"(20, -1)","(20, -1)",,,
21.0,The tyrant can always find an excuse for his tyranny._  _,"(21, -1)","(21, -1)",,,
22.0,The unjust will not listen to the reasoning of the innocent._,"(22, -1)","(22, -1)",,,
