Unnamed: 0,sent1,manual_alignments,manual_alignments_1_1,sent2,chat_gpt_alignments,alignment_tool_alignments
0.0,A Wolf had been hurt in a fight with a Bear.,"(0, -1)","(0, -1)","A Wolf was worried and badly bitten by dogs, and lay a long time for dead.","(0, 0)
(1, 1)
(2, 1)
(3, 2)
(4, 3)",
1.0,He was unable to move and could not satisfy his hunger and thirst.,"(1, -1)","(1, -1)","By and by he began to revive, and, feeling very hungry, called out to a passing Sheep and said, ""Would you kindly bring me some water from the stream close by?",,
2.0,"A Sheep passed by near his hiding place, and the Wolf called to him.  ","(2, 1)","(2, -1)","I can manage about meat, if only I could get something to drink.""",,
3.0,"""Please fetch me a drink of water,"" he begged, ""that might give me strength enough so I can get me some solid food.""  ","(3, 1)","(3, 1)",But this Sheep was no fool.,,
4.0,"""Solid food!"" said the Sheep.","(4, -1)","(4, -1)","""I can quite understand"", said he, ""that if I brought you the water, you would have no difficulty about the meat.",,
5.0,"""That means me, I suppose.","(5, 4)","(5, 4)",Good-morning.,,
6.0,"If I should bring you a drink, it would only serve to wash me down your throat.","(6, 2)","(6, 2)",,,
7.0,"Don't talk to me about a drink!""  ","(7, -1)","(7, -1)",,,
8.0,_,"(8, -1)","(8, -1)",,,
9.0,A knave's hypocrisy is easily seen through.,"(9, -1)","(9, -1)",,,
