Unnamed: 0,sent1,manual_alignments,manual_alignments_1_1,sent2,chat_gpt_alignments,alignment_tool_alignments,2nd_manual_alignments
0.0,"A WOLF accused of theft a Fox, who utterly denied the charge, whereupon an Ape undertook to adjudge the matter in question.  ","(0, 0)","(0, 0)","A Wolf charged a Fox with theft, which he denied, and the case was brought before an Ape to be tried.","(0, 0)
(1, 1)
(2, 2)",,"(0, 0)"
1.0,"When each had fully stated his case, the Ape pronounced this sentence:  “I am fully satisfied that you, Wolf, never lost what you claim.”","(1, 1)","(1, 1)","When he had heard the evidence on both sides, the Ape gave judgment as follows: ""I do not think,"" he said, ""that you, O Wolf, ever lost what you claim; but all the same I believe that you, Fox, are guilty of the theft, in spite of all your denials.""  ",,,"(1, 1)"
2.0,"Then turning to the Fox, he said, “And I believe you to have done that which you so stoutly deny.”","(2, 1)","(2, -1)","The dishonest get no credit, even if they act honestly.",,,"(2, 1)"
