Unnamed: 0,sent1,manual_alignments,manual_alignments_1_1,sent2,chat_gpt_alignments,alignment_tool_alignments
0.0,A Wolf left his lair one evening in fine spirits and an excellentappetite.,"(0, -1)","(0, -1)","A Wolf, who was roaming about on the plain when the sun was gettinglow in the sky, was much impressed by the size of his shadow, and saidto himself, ""I had no idea I was so big.","(0, 0)
(1, 0)
(2, 2)
(3, 3)
(5, 4)",
1.0,"As he ran, the setting sun cast his shadow far out onthe ground, and it looked as if the wolf were a hundred timesbigger than he really was.","(1, 0)","(1, 0)",Fancy my being afraid of alion!,,
2.0,"""Why,"" exclaimed the Wolf proudly, ""see how big I am!","(2, 0)","(2, -1)","Why, I, not he, ought to be King of the beasts""; and, heedlessof danger, he strutted about as if there could be no doubt at allabout it.",,
3.0,Fancy _me_running away from a puny Lion!,"(3, 1)","(3, 1)",Just then a lion sprang upon him and began to devour him.,,
4.0,"I'll show him who is fit to beking, he or I.""Just then an immense shadow blotted him out entirely, and thenext instant a Lion struck him down with a single blow._Do not let your fancy make you forget realities._","(4, 3)","(4, 3)","""Alas,"" he cried, ""had I not lost sight of the facts, I shouldn't havebeen ruined by my fancies.""",,
