Unnamed: 0,sent1,manual_alignments,manual_alignments_1_1,sent2,chat_gpt_alignments,alignment_tool_alignments
0.0,There was once a little Kid whose growing horns made him think he was a grown-up Billy Goat and able to take care of himself.,"(0, -1)","(0, -1)","A Kid was perched up on the top of a house, and looking down saw a Wolf passing under him.","(0, 1)
(1, 4)
(2, 4)
(3, 4)
(4, 5)
(7, 3)
(9, 2)
(11, 2)
(12, 3)
(13, 4)
(19, 5)",
1.0,"So one evening when the flock started home from the pasture and his mother called, the Kid paid no heed and kept right on nibbling the tender grass.","(1, -1)","(1, -1)",Immediately he began to revile and attack his enemy.,,
2.0,"A little later when he lifted his head, the flock was gone.  ","(2, -1)","(2, -1)","“Murderer and thief,” he cried, “what do you here near honest folks’ houses?",,
3.0,He was all alone.,"(3, -1)","(3, -1)",How dare you make an appearance where your vile deeds are known?”,,
4.0,The sun was sinking.,"(4, -1)","(4, -1)","“Curse away, my young friend,” said the Wolf.  ",,
5.0,Long shadows came creeping over the ground.,"(5, -1)","(5, -1)",“It is easy to be brave from a safe distance.”,,
6.0,A chilly little wind came creeping with them making scary noises in the grass.,"(6, -1)","(6, -1)",,,
7.0,The Kid shivered as he thought of the terrible Wolf.,"(7, -1)","(7, -1)",,,
8.0,"Then he started wildly over the field, bleating for his mother.","(8, -1)","(8, -1)",,,
9.0,"But not half-way, near a clump of trees, there was the Wolf!  ","(9, 0)","(9, 0)",,,
10.0,The Kid knew there was little hope for him.,"(10, -1)","(10, -1)",,,
11.0,"""Please, Mr. Wolf,"" he said trembling, ""I know you are going to eat me.","(11, 2)","(11, 2)",,,
12.0,"But first please pipe me a tune, for I want to dance and be merry as long as I can.""  ","(12, -1)","(12, -1)",,,
13.0,"The Wolf liked the idea of a little music before eating, so he struck up a merry tune and the Kid leaped and frisked gaily.  ","(13, -1)","(13, -1)",,,
14.0,"Meanwhile, the flock was moving slowly homeward.","(14, -1)","(14, -1)",,,
15.0,In the still evening air the Wolf's piping carried far.,"(15, -1)","(15, -1)",,,
16.0,The Shepherd Dogs pricked up their ears.,"(16, -1)","(16, -1)",,,
17.0,"They recognized the song the Wolf sings before a feast, and in a moment they were racing back to the pasture.","(17, -1)","(17, -1)",,,
18.0,"The Wolf's song ended suddenly, and as he ran, with the Dogs at his heels, he called himself a fool for turning piper to please a Kid, when he should have stuck to his butcher's trade.  ","(18, -1)","(18, -1)",,,
19.0,_Do not let anything turn you from your purpose._,"(19, -1)","(19, -1)",,,
