Unnamed: 0,sent1,manual_alignments,manual_alignments_1_1,sent2,chat_gpt_alignments,alignment_tool_alignments
0.0,"Once upon a time a Wolf was lapping at a spring on a hillside, when, looking up, what should he see but a Lamb just beginning to drink a little lower down.","(0, 0)","(0, 0)","A Wolf seeing a Lamb drinking at a brook, took it into his head that he would find some plausible excuse for eating him.","(0, 0)
(2, 2)
(3, 1)
(4, 3)
(6, 4)
(7, 4)",
1.0,"“There’s my supper,” thought he, “if only I can find some excuse to seize it.”","(1, -1)","(1, -1)","So he drew near, and, standing higher up the stream, began to accuse him of disturbing the water and preventing him from drinking.  ",,
2.0,"Then he called out to the Lamb, “How dare you muddle the water from which I am drinking?”  ","(2, 1)","(2, 1)","The Lamb replied that he was only touching the water with the tips of his lips; and that, besides, seeing that he was standing down stream, he could not possibly be disturbing the water higher up.",,
3.0,"“Nay, master, nay,” said Lambikin; “if the water be muddy up there, I cannot be the cause of it, for it runs down from you to me.”  ","(3, 2)","(3, 2)","So the Wolf, having done no good by that accusation, said: ""Well, but last year you insulted my Father.""",,
4.0,"“Well, then,” said the Wolf, “why did you call me bad names this time last year?”  ","(4, 3)","(4, 3)","The Lamb replying that at that time he was not born, the Wolf wound up by saying: ""However ready you may be with your answers, I shall none the less make a meal of you.",,
5.0,"“That cannot be,” said the Lamb; “I am only six months old.”  ","(5, 4)","(5, -1)",,,
6.0,"“I don’t care,” snarled the Wolf; “if it was not you it was your father;” and with that he rushed upon the poor little Lamb and  WARRA WARRA WARRA WARRA WARRA   ate her all up.","(6, 4)","(6, 4)",,,
7.0,But before she died she gasped out—  “Any excuse will serve a tyrant.,"(7, 4)","(7, -1)",,,
