Unnamed: 0,sent1,manual_alignments,manual_alignments_1_1,sent2,chat_gpt_alignments,alignment_tool_alignments
0.0,A certain Wolf could not get enough to eat because of the watchfulness of the Shepherds.,"(0, -1)","(0, -1)",A Wolf resolved to disguise himself in order that he might prey upon a flock of sheep without fear of detection.,"(0, 0)
(1, 1)
(2, 2)
(3, 3)
(4, 3)
(7, 3)


",
1.0,But one night he found a sheep skin that had been cast aside and forgotten.,"(1, 0)","(1, 0)","So he clothed himself in a sheepskin, and slipped among the sheep when they were out at pasture.",,
2.0,"The next day, dressed in the skin, the Wolf strolled into the pasture with the Sheep.","(2, 1)","(2, 1)","He completely deceived the shepherd, and when the flock was penned for the night he was shut in with the rest.",,
3.0,Soon a little Lamb was following him about and was quickly led away to slaughter.,"(3, -1)","(3, -1)","But that very night as it happened, the shepherd, requiring a supply of mutton for the table, laid hands on the Wolf in mistake for a Sheep, and killed him with his knife on the spot",,
4.0,That evening the Wolf entered the fold with the flock.,"(4, 2)","(4, 2)",,,
5.0,"But it happened that the Shepherd took a fancy for mutton broth that very evening, and, picking up a knife, went to the fold.","(5, 3)","(5, -1)",,,
6.0,There the first he laid hands on and killed was the Wolf.  _,"(6, 3)","(6, 3)",,,
7.0,The evil doer often comes to harm through his own deceit.,"(7, -1)","(7, -1)",,,
