Unnamed: 0,sent1,manual_alignments,manual_alignments_1_1,sent2,chat_gpt_alignments,alignment_tool_alignments
0.0,A hungry Wolf spied a Goat browsing at the top of a steep cliff where he could not possibly get at her.,"(0, 0)","(0, 0)","A Wolf caught sight of a Goat browsing above him on the scanty herbage that grew on the top of a steep rock; and being unable to get at her, tried to induce her to come lower down.","(0, 0)
(1, 1)
(4, 0)
(6, 2)
(8, 3)
(10, 3)",
1.0,"""That is a very dangerous place for you,"" he called out, pretending to be very anxious about the Goat's safety.","(1, 1)","(1, -1)","""You are risking your life up there, madam, indeed you are,"" he called out: ""pray take my advice and come down here, where you will find plenty of better food.""",,
2.0,"""What if you should fall!","(2, -1)","(2, -1)",The Goat turned a knowing eye upon him.,,
3.0,Please listen to me and come down!,"(3, 1)","(3, -1)","""It's little you care whether I get good grass or bad,"" said she: ""what you want is to eat me.""",,
4.0,"Here you can get all you want of the finest, tenderest grass in the country.""  ","(4, 1)","(4, 1)",,,
5.0,The Goat looked over the edge of the cliff.,"(5, -1)","(5, -1)",,,
6.0,"""How very, very anxious you are about me,"" she said, ""and how generous you are with your grass!","(6, -1)","(6, -1)",,,
7.0,But I know you!,"(7, 2)","(7, 2)",,,
8.0,"It's your _own_ appetite you are thinking of, not mine!""  ","(8, 3)","(8, 3)",,,
9.0,_,"(9, -1)","(9, -1)",,,
10.0,An invitation prompted by selfishness is not to be accepted.,"(10, -1)","(10, -1)",,,
