Unnamed: 0,sent1,manual_alignments,manual_alignments_1_1,sent2,chat_gpt_alignments,alignment_tool_alignments
0.0,"A Wolf had been feasting too greedily, and a bone had stuckcrosswise in his throat.","(0, 0)","(0, 0)",A Wolf once got a bone stuck in his throat.,"(0, 0)
(1, 1)
(2, 0)
(3, 1)
(4, 3)
(5, 5)
(6, 5)
(8, 3)
(9, 4)
(11, 5)
(12, 5)
(14, 5)",
1.0,"He could get it neither up nor down, andof course he could not eat a thing.","(1, 0)","(1, -1)",So he went to a Crane andbegged her to put her long bill down his throat and pull it out.,,
2.0,Naturally that was an awfulstate of affairs for a greedy Wolf.,"(2, -1)","(2, -1)","""I'llmake it worth your while,"" he added.",,
3.0,So away he hurried to the Crane.,"(3, 1)","(3, 1)","The Crane did as she was asked,and got the bone out quite easily.",,
4.0,"He was sure that she, with herlong neck and bill, would easily be able to reach the bone andpull it out.","(4, 1)","(4, -1)","The Wolf thanked her warmly, andwas just turning away, when she cried, ""What about that fee of mine?""""Well, what about it?"" snapped the Wolf, baring his teeth as he spoke;""you can go about boasting that you once put your head into a Wolf'smouth and didn't get it bitten off.",,
5.0,"""I will reward you very handsomely,"" said the Wolf, ""if you pullthat bone out for me.","(5, 2)","(5, 2)","What more do you want?""",,
6.0,"""The Crane, as you can imagine, was very uneasy about putting herhead in a Wolf's throat.","(6, -1)","(6, -1)",,,
7.0,"But she was grasping in nature, so shedid what the Wolf asked her to do.[Illustration]When the Wolf felt that the bone was gone, he started to walkaway.","(7, 3)","(7, 3)",,,
8.0,"""But what about my reward!""","(8, 4)","(8, -1)",,,
9.0,called the Crane anxiously.,"(9, 4)","(9, -1)",,,
10.0,"""What!""","(10, -1)","(10, -1)",,,
11.0,"snarled the Wolf, whirling around.","(11, 4)","(11, -1)",,,
12.0,"""Haven't you got it?Isn't it enough that I let you take your head out of my mouthwithout snapping it off?""_Expect no reward for serving the wicked._","(12, 4)","(12, 4)",,,
