Unnamed: 0,sent1,manual_alignments,manual_alignments_1_1,sent2,chat_gpt_alignments,alignment_tool_alignments
0.0,FOR a long time the Wolf had followed the Sheep without attempting to injure one of them.,"(0, 0)","(0, 0)","A Wolf hung about near a flock of sheep for a long time, but made no attempt to molest them.","(0, 0)
(1, 1)
(2, 1)
(3, 1)
(4, 2)
(6, 3)
(7, 3)",
1.0,"The Shepherd stood on his guard against him for a while, and kept strict watch that he did not come too near.","(1, 1)","(1, 1)","The Shepherd at first kept a sharp eye on him, for he naturally thought he meant mischief: but as time went by and the Wolf showed no inclination to meddle with the flock, he began to look upon him more as a protector than as an enemy: and when one day some errand took him to the city, he felt no uneasiness at leaving the Wolf with the sheep.",,
2.0,"But as day after day passed and the Wolf showed no disposition to injure any of the flock, he allowed him to approach nearer, till at last he came among the Sheep, and seemed to watch over them like a dog.  ","(2, 1)","(2, 1)",But as soon as his back was turned the Wolf attacked them and killed the greater number.,,
3.0,"“He is really quite a help to me,” said the Shepherd to himself; “and I have never seen him make the slightest effort to seize a sheep or a lamb.”  ","(3, 1)","(3, 1)","When the Shepherd returned and saw the havoc he had wrought, he cried, ""It serves me right for trusting my flock to a Wolf.""",,
4.0,"So, having occasion to go to town one day, he left his flock in the care of the Wolf, whom he regarded as a guardian over them.  ","(4, 2)","(4, 2)",,,
5.0,"But no sooner was the man gone, than the Wolf, seeing his opportunity, fell upon the Sheep and destroyed the greater part of them.  ","(5, 2)","(5, 2)",,,
6.0,"“I have been rightly served,” said the Shepherd, on his return.","(6, 3)","(6, 3)",,,
7.0,“Why did I not know better than to trust my Sheep to their worst enemy?,"(7, -1)","(7, -1)",,,
8.0,"Soon or late, nature will show itself.","(8, -1)","(8, -1)",,,
