Unnamed: 0,sent1,manual_alignments,manual_alignments_1_1,sent2,chat_gpt_alignments,alignment_tool_alignments
0.0,ONE day a Wolf and a Lamb happened to come at the same time to drink from a brook that ran down the side of the mountain.,"(0, 0)","(0, -1)","A Wolf came upon a Lamb straying from the flock, and felt some compunction about taking the life of so helpless a creature without some plausible excuse; so he cast about for a grievance and said at last, ""Last year, sirrah, you grossly insulted me.""","(0, 0)
(1, 0)
(2, 1)
(3, 3)
(4, 4)
(5, 1)
(6, 6)
(7, 2)",
1.0,"The Wolf wished very much to eat the Lamb, but meeting her as he did, face to face, he thought he must find some excuse for doing so.  ","(1, 0)","(1, 0)","""That is impossible, sir,"" bleated the Lamb, ""for I wasn't born then.""",,
2.0,"So he began by trying to pick a quarrel, and said angrily: “How dare you come to my brook and muddy the water so that I cannot drink it?","(2, -1)","(2, -1)","""Well,"" retorted the Wolf, ""you feed in my pastures.""",,
3.0,What do you mean?”,"(3, -1)","(3, -1)","""That cannot be,"" replied the Lamb, ""for I have never yet tasted grass.""",,
4.0,"The Lamb, very much alarmed, said gently: “I do not see how it can be that I have spoiled the water.","(4, -1)","(4, -1)","""You drink from my spring, then,"" continued the Wolf.",,
5.0,"You stand higher up the stream, and the water runs from you to me, not from me to you.”  ","(5, -1)","(5, -1)","""Indeed, sir,"" said the poor Lamb, ""I have never yet drunk anything but my mother's milk.""",,
6.0,"“Be that as it may,” said the Wolf, with a snarl, “you are a rascal all the same, for I have heard that last year you said bad things of me behind my back.”  ","(6, 0)","(6, -1)","""Well, anyhow,"" said the Wolf, ""I'm not going without my dinner"": and he sprang upon the Lamb and devoured it without more ado",,
7.0,"“Dear Mr. Wolf,” cried the poor Lamb, “that could not be, for a year ago I was not born; I am only six months old.”  ","(7, 1)","(7, 1)",,,
8.0,"Finding it of no use to argue any more, the Wolf began to snarl and show his teeth.","(8, -1)","(8, -1)",,,
9.0,"Coming closer to the Lamb, he said, “You little wretch, if it was not you it was your father, so it’s all the same”; and he pounced upon the poor Lamb and ate her up.","(9, 6)","(9, 6)",,,
