Unnamed: 0,sent1,manual_alignments,manual_alignments_1_1,sent2,chat_gpt_alignments,alignment_tool_alignments
0.0,"A Wolf had been prowling around a flock of Sheep for a long time, and the Shepherd watched very anxiously to prevent him from carrying off a Lamb.","(0, 0)","(0, 0)","A Wolf hung about near a flock of sheep for a long time, but made no attempt to molest them.","(0, 0)
(1, 1)
(3, 1)
(5, 3)",
1.0,But the Wolf did not try to do any harm.,"(1, 0)","(1, -1)","The Shepherd at first kept a sharp eye on him, for he naturally thought he meant mischief: but as time went by and the Wolf showed no inclination to meddle with the flock, he began to look upon him more as a protector than as an enemy: and when one day some errand took him to the city, he felt no uneasiness at leaving the Wolf with the sheep.",,
2.0,Instead he seemed to be helping the Shepherd take care of the Sheep.,"(2, 1)","(2, 1)",But as soon as his back was turned the Wolf attacked them and killed the greater number.,,
3.0,At last the Shepherd got so used to seeing the Wolf about that he forgot how wicked he could be.,"(3, -1)","(3, -1)","When the Shepherd returned and saw the havoc he had wrought, he cried, ""It serves me right for trusting my flock to a Wolf.""",,
4.0,One day he even went so far as to leave his flock in the Wolf's care while he went on an errand.,"(4, 1)","(4, -1)",,,
5.0,"But when he came back and saw how many of the flock had been killed and carried off, he knew how foolish to trust a Wolf.  _","(5, 2)","(5, 2)",,,
6.0,"Once a wolf, always a wolf.","(6, 3)","(6, 3)",,,
