Unnamed: 0,sent1,manual_alignments,manual_alignments_1_1,sent2,chat_gpt_alignments,alignment_tool_alignments,2nd_manual_alignments
0.0,"A WOLF once clothed himself in the fleece of a sheep, and being mistaken for one of the flock, got into the fold.","(0, 0)","(0, 0)",A Wolf found great difficulty in getting at the sheep owing to the vigilance of the shepherd and his dogs.,"(0, 0)
(1, 1)
(2, 2)
(4, 3)",,"(0, 1)"
1.0,"He had a chance to make way with as many sheep as he liked; but his time for doing so was short, for the Shepherd, coming into the fold during the night, discovered him.  ","(1, 1)","(1, 1)","But one day it found the skin of a sheep that had been flayed and thrown aside, so it put it on over its own pelt and strolled down among the sheep.",,,"(1, -1)"
2.0,"Tying him to a tree, he left him hanging there, still in his sheep’s dress, as a warning to other wolves who might be prowling about.  ","(2, -1)","(2, -1)","The Lamb that belonged to the sheep, whose skin the Wolf was wearing, began to follow the Wolf in the Sheep’s clothing; so, leading the Lamb a little apart, he soon made a meal off her, and for some time he succeeded in deceiving the sheep, and enjoying hearty meals.  ",,,"(2, -1)"
3.0,"Some shepherds who chanced to pass by saw him there, and stopped to inquire why sheep should be thus served.","(3, -1)","(3, -1)",Appearances are deceptive.,,,"(3, -1)"
4.0,"As they came nearer and saw that it was not a sheep but a Wolf, the Shepherd said, “This is the way I serve a Wolf, even though I find him wearing the habit of a sheep.”","(4, -1)","(4, -1)",,,,"(4, -1)"
