Unnamed: 0,sent1,manual_alignments,manual_alignments_1_1,sent2,chat_gpt_alignments,alignment_tool_alignments,2nd_manual_alignments
0.0,"An old Woman picked up an empty Wine-jar which had once contained a rare and costly wine, and which still retained some traces of its exquisite bouquet.","(0, 1)","(0, 1)",You must know that sometimes old women like a glass of wine.,"(0, 1)
(1, 1)
(2, 4)",,"(0, 1)"
1.0,She raised it to her nose and sniffed at it again and again.,"(1, 3)","(1, 3)","One of this sort once found a Wine-jar lying in the road, and eagerly went up to it hoping to find it full.",,,"(1, 3)"
2.0,"""Ah,"" she cried, ""how delicious must have been the liquid which has left behind so ravishing a smell.""","(2, 4)","(2, 4)",But when she took it up she found that all the wine had been drunk out of it.,,,"(2, -1)"
3.0,,"(3, -1)","(3, -1)",Still she took a long sniff at the mouth of the Jar.,,,
4.0,,"(4, -1)","(4, -1)","“Ah,” she cried,  “What memories cling ’round the instruments of our pleasure.",,,
